<stg><name>dut</name>


<trans_list>

<trans id="54" from="1" to="2">
<condition id="18">
<or_exp><and_exp></and_exp></or_exp>
</condition>
</trans>

<trans id="55" from="2" to="4">
<condition id="19">
<or_exp><and_exp><literal name="exitcond7" val="1"/>
</and_exp></or_exp>
</condition>
</trans>

<trans id="56" from="2" to="3">
<condition id="21">
<or_exp><and_exp><literal name="exitcond7" val="0"/>
</and_exp></or_exp>
</condition>
</trans>

<trans id="57" from="3" to="2">
<condition id="23">
<or_exp><and_exp><literal name="exitcond" val="1"/>
</and_exp></or_exp>
</condition>
</trans>

<trans id="58" from="3" to="3">
<condition id="25">
<or_exp><and_exp><literal name="exitcond" val="0"/>
</and_exp></or_exp>
</condition>
</trans>
</trans_list>



<state_list>

<state id="1" st_id="1">

<operation id="5" st_id="1" stage="1" lat="1">
<core>NULL</core>
<MemPortIdVec></MemPortIdVec>
<condition id="0">
<or_exp><and_exp></and_exp></or_exp>
</condition>

<node id="4" bw="32" op_0_bw="32" op_1_bw="32" op_2_bw="0" op_3_bw="32" op_4_bw="32" op_5_bw="32" op_6_bw="32" op_7_bw="0" op_8_bw="0" op_9_bw="0" op_10_bw="32" op_11_bw="32" op_12_bw="32" op_13_bw="32" op_14_bw="0">
<![CDATA[
.preheader.preheader:0  %empty = call i32 (...)* @_ssdm_op_SpecInterface(i32* %strm_out_V_V, [8 x i8]* @ap_fifo_str, i32 0, i32 0, i32 0, i32 0, [1 x i8]* @p_str, [1 x i8]* @p_str, [1 x i8]* @p_str, i32 2, i32 2, i32 16, i32 16, [1 x i8]* @p_str)

]]></node>
<StgValue><ssdm name="empty"/></StgValue>
</operation>

<operation id="6" st_id="1" stage="1" lat="1">
<core>NULL</core>
<MemPortIdVec></MemPortIdVec>
<condition id="0">
<or_exp><and_exp></and_exp></or_exp>
</condition>

<node id="5" bw="32" op_0_bw="32" op_1_bw="32" op_2_bw="0" op_3_bw="32" op_4_bw="32" op_5_bw="32" op_6_bw="32" op_7_bw="0" op_8_bw="0" op_9_bw="0" op_10_bw="32" op_11_bw="32" op_12_bw="32" op_13_bw="32" op_14_bw="0">
<![CDATA[
.preheader.preheader:1  %empty_17 = call i32 (...)* @_ssdm_op_SpecInterface(i32* %strm_in_V_V, [8 x i8]* @ap_fifo_str, i32 0, i32 0, i32 0, i32 0, [1 x i8]* @p_str, [1 x i8]* @p_str, [1 x i8]* @p_str, i32 2, i32 2, i32 16, i32 16, [1 x i8]* @p_str)

]]></node>
<StgValue><ssdm name="empty_17"/></StgValue>
</operation>

<operation id="7" st_id="1" stage="1" lat="1">
<core>NULL</core>
<MemPortIdVec></MemPortIdVec>
<condition id="0">
<or_exp><and_exp></and_exp></or_exp>
</condition>

<node id="6" bw="0" op_0_bw="0" op_1_bw="32">
<![CDATA[
.preheader.preheader:2  call void (...)* @_ssdm_op_SpecBitsMap(i32* %strm_in_V_V), !map !124

]]></node>
<StgValue><ssdm name=""/></StgValue>
</operation>

<operation id="8" st_id="1" stage="1" lat="1">
<core>NULL</core>
<MemPortIdVec></MemPortIdVec>
<condition id="0">
<or_exp><and_exp></and_exp></or_exp>
</condition>

<node id="7" bw="0" op_0_bw="0" op_1_bw="32">
<![CDATA[
.preheader.preheader:3  call void (...)* @_ssdm_op_SpecBitsMap(i32* %strm_out_V_V), !map !130

]]></node>
<StgValue><ssdm name=""/></StgValue>
</operation>

<operation id="9" st_id="1" stage="1" lat="1">
<core>NULL</core>
<MemPortIdVec></MemPortIdVec>
<condition id="0">
<or_exp><and_exp></and_exp></or_exp>
</condition>

<node id="8" bw="0" op_0_bw="0" op_1_bw="0">
<![CDATA[
.preheader.preheader:4  call void (...)* @_ssdm_op_SpecTopModule([4 x i8]* @dut_str) nounwind

]]></node>
<StgValue><ssdm name=""/></StgValue>
</operation>

<operation id="10" st_id="1" stage="1" lat="1">
<core>RAM</core>
<MemPortIdVec></MemPortIdVec>
<condition id="0">
<or_exp><and_exp></and_exp></or_exp>
</condition>

<node id="9" bw="1" op_0_bw="64">
<![CDATA[
.preheader.preheader:5  %input2 = alloca [256 x i1], align 1

]]></node>
<StgValue><ssdm name="input2"/><MemPortTyVec>2 3 </MemPortTyVec>
</StgValue>
</operation>

<operation id="11" st_id="1" stage="1" lat="1">
<core>NULL</core>
<MemPortIdVec></MemPortIdVec>
<condition id="0">
<or_exp><and_exp></and_exp></or_exp>
</condition>

<node id="10" bw="6" op_0_bw="64">
<![CDATA[
.preheader.preheader:6  %v2_0 = alloca [4096 x i6], align 1

]]></node>
<StgValue><ssdm name="v2_0"/><MemPortTyVec>2 3 </MemPortTyVec>
</StgValue>
</operation>

<operation id="12" st_id="1" stage="1" lat="1">
<core>NULL</core>
<MemPortIdVec></MemPortIdVec>
<condition id="0">
<or_exp><and_exp></and_exp></or_exp>
</condition>

<node id="11" bw="0" op_0_bw="0">
<![CDATA[
.preheader.preheader:7  br label %.preheader

]]></node>
<StgValue><ssdm name=""/></StgValue>
</operation>
</state>

<state id="2" st_id="2">

<operation id="13" st_id="2" stage="1" lat="1">
<core>NULL</core>
<MemPortIdVec></MemPortIdVec>
<condition id="1">
<or_exp><and_exp></and_exp></or_exp>
</condition>

<node id="13" bw="4" op_0_bw="4" op_1_bw="0">
<![CDATA[
.preheader:0  %i = phi i4 [ 0, %.preheader.preheader ], [ %i_1, %1 ]

]]></node>
<StgValue><ssdm name="i"/></StgValue>
</operation>

<operation id="14" st_id="2" stage="1" lat="1">
<core>Cmp</core>
<MemPortIdVec></MemPortIdVec>
<condition id="1">
<or_exp><and_exp></and_exp></or_exp>
</condition>

<node id="14" bw="1" op_0_bw="4" op_1_bw="4">
<![CDATA[
.preheader:1  %exitcond7 = icmp eq i4 %i, -8

]]></node>
<StgValue><ssdm name="exitcond7"/></StgValue>
</operation>

<operation id="15" st_id="2" stage="1" lat="1">
<core>NULL</core>
<MemPortIdVec></MemPortIdVec>
<condition id="1">
<or_exp><and_exp></and_exp></or_exp>
</condition>

<node id="15" bw="32" op_0_bw="32" op_1_bw="64" op_2_bw="64" op_3_bw="64">
<![CDATA[
.preheader:2  %empty_18 = call i32 (...)* @_ssdm_op_SpecLoopTripCount(i64 8, i64 8, i64 8)

]]></node>
<StgValue><ssdm name="empty_18"/></StgValue>
</operation>

<operation id="16" st_id="2" stage="1" lat="1">
<core>AddSub</core>
<MemPortIdVec></MemPortIdVec>
<condition id="1">
<or_exp><and_exp></and_exp></or_exp>
</condition>

<node id="16" bw="4" op_0_bw="4" op_1_bw="4">
<![CDATA[
.preheader:3  %i_1 = add i4 %i, 1

]]></node>
<StgValue><ssdm name="i_1"/></StgValue>
</operation>

<operation id="17" st_id="2" stage="1" lat="1">
<core>NULL</core>
<MemPortIdVec></MemPortIdVec>
<condition id="1">
<or_exp><and_exp></and_exp></or_exp>
</condition>

<node id="17" bw="0" op_0_bw="1" op_1_bw="0" op_2_bw="0">
<![CDATA[
.preheader:4  br i1 %exitcond7, label %6, label %0

]]></node>
<StgValue><ssdm name=""/></StgValue>
</operation>

<operation id="18" st_id="2" stage="1" lat="1">
<core>FIFO</core>
<MemPortIdVec></MemPortIdVec>
<condition id="3">
<or_exp><and_exp><literal name="exitcond7" val="0"/>
</and_exp></or_exp>
</condition>

<node id="19" bw="32" op_0_bw="32" op_1_bw="32">
<![CDATA[
:0  %tmp_V_2 = call i32 @_ssdm_op_Read.ap_fifo.volatile.i32P(i32* %strm_in_V_V)

]]></node>
<StgValue><ssdm name="tmp_V_2"/></StgValue>
</operation>

<operation id="19" st_id="2" stage="1" lat="1">
<core>NULL</core>
<MemPortIdVec></MemPortIdVec>
<condition id="3">
<or_exp><and_exp><literal name="exitcond7" val="0"/>
</and_exp></or_exp>
</condition>

<node id="20" bw="3" op_0_bw="4">
<![CDATA[
:1  %tmp = trunc i4 %i to i3

]]></node>
<StgValue><ssdm name="tmp"/></StgValue>
</operation>

<operation id="20" st_id="2" stage="1" lat="1">
<core>NULL</core>
<MemPortIdVec></MemPortIdVec>
<condition id="3">
<or_exp><and_exp><literal name="exitcond7" val="0"/>
</and_exp></or_exp>
</condition>

<node id="21" bw="4" op_0_bw="4" op_1_bw="4">
<![CDATA[
:2  %tmp_37 = shl i4 %i, 1

]]></node>
<StgValue><ssdm name="tmp_37"/></StgValue>
</operation>

<operation id="21" st_id="2" stage="1" lat="1">
<core>NULL</core>
<MemPortIdVec></MemPortIdVec>
<condition id="3">
<or_exp><and_exp><literal name="exitcond7" val="0"/>
</and_exp></or_exp>
</condition>

<node id="22" bw="10" op_0_bw="10" op_1_bw="2" op_2_bw="3" op_3_bw="5">
<![CDATA[
:3  %tmp_49_cast = call i10 @_ssdm_op_BitConcatenate.i10.i2.i3.i5(i2 -2, i3 %tmp, i5 0)

]]></node>
<StgValue><ssdm name="tmp_49_cast"/></StgValue>
</operation>

<operation id="22" st_id="2" stage="1" lat="1">
<core>NULL</core>
<MemPortIdVec></MemPortIdVec>
<condition id="3">
<or_exp><and_exp><literal name="exitcond7" val="0"/>
</and_exp></or_exp>
</condition>

<node id="23" bw="4" op_0_bw="4" op_1_bw="4">
<![CDATA[
:4  %tmp_26 = or i4 %tmp_37, 1

]]></node>
<StgValue><ssdm name="tmp_26"/></StgValue>
</operation>

<operation id="23" st_id="2" stage="1" lat="1">
<core>NULL</core>
<MemPortIdVec></MemPortIdVec>
<condition id="3">
<or_exp><and_exp><literal name="exitcond7" val="0"/>
</and_exp></or_exp>
</condition>

<node id="24" bw="10" op_0_bw="10" op_1_bw="2" op_2_bw="4" op_3_bw="4">
<![CDATA[
:5  %tmp_50_cast = call i10 @_ssdm_op_BitConcatenate.i10.i2.i4.i4(i2 -2, i4 %tmp_26, i4 0)

]]></node>
<StgValue><ssdm name="tmp_50_cast"/></StgValue>
</operation>

<operation id="24" st_id="2" stage="1" lat="1">
<core>NULL</core>
<MemPortIdVec></MemPortIdVec>
<condition id="3">
<or_exp><and_exp><literal name="exitcond7" val="0"/>
</and_exp></or_exp>
</condition>

<node id="25" bw="0" op_0_bw="0">
<![CDATA[
:6  br label %1

]]></node>
<StgValue><ssdm name=""/></StgValue>
</operation>

<operation id="25" st_id="2" stage="2" lat="2">
<core></core>
<MemPortIdVec></MemPortIdVec>
<condition id="5">
<or_exp><and_exp><literal name="exitcond7" val="1"/>
</and_exp></or_exp>
</condition>

<node id="56" bw="6" op_0_bw="6" op_1_bw="1" op_2_bw="6">
<![CDATA[
:0  %p_s = call fastcc i6 @dut_top([256 x i1]* %input2, [4096 x i6]* %v2_0)

]]></node>
<StgValue><ssdm name="p_s"/></StgValue>
</operation>
</state>

<state id="3" st_id="3">

<operation id="26" st_id="3" stage="1" lat="1">
<core>NULL</core>
<MemPortIdVec></MemPortIdVec>
<condition id="6">
<or_exp><and_exp></and_exp></or_exp>
</condition>

<node id="27" bw="6" op_0_bw="6" op_1_bw="0">
<![CDATA[
:0  %Hi_assign = phi i6 [ 0, %0 ], [ %j, %5 ]

]]></node>
<StgValue><ssdm name="Hi_assign"/></StgValue>
</operation>

<operation id="27" st_id="3" stage="1" lat="1">
<core>NULL</core>
<MemPortIdVec></MemPortIdVec>
<condition id="6">
<or_exp><and_exp></and_exp></or_exp>
</condition>

<node id="28" bw="32" op_0_bw="6">
<![CDATA[
:1  %Hi_assign_cast1 = zext i6 %Hi_assign to i32

]]></node>
<StgValue><ssdm name="Hi_assign_cast1"/></StgValue>
</operation>

<operation id="28" st_id="3" stage="1" lat="1">
<core>Cmp</core>
<MemPortIdVec></MemPortIdVec>
<condition id="6">
<or_exp><and_exp></and_exp></or_exp>
</condition>

<node id="29" bw="1" op_0_bw="6" op_1_bw="6">
<![CDATA[
:2  %exitcond = icmp eq i6 %Hi_assign, -32

]]></node>
<StgValue><ssdm name="exitcond"/></StgValue>
</operation>

<operation id="29" st_id="3" stage="1" lat="1">
<core>NULL</core>
<MemPortIdVec></MemPortIdVec>
<condition id="6">
<or_exp><and_exp></and_exp></or_exp>
</condition>

<node id="30" bw="32" op_0_bw="32" op_1_bw="64" op_2_bw="64" op_3_bw="64">
<![CDATA[
:3  %empty_19 = call i32 (...)* @_ssdm_op_SpecLoopTripCount(i64 32, i64 32, i64 32)

]]></node>
<StgValue><ssdm name="empty_19"/></StgValue>
</operation>

<operation id="30" st_id="3" stage="1" lat="1">
<core>AddSub</core>
<MemPortIdVec></MemPortIdVec>
<condition id="6">
<or_exp><and_exp></and_exp></or_exp>
</condition>

<node id="31" bw="6" op_0_bw="6" op_1_bw="6">
<![CDATA[
:4  %j = add i6 %Hi_assign, 1

]]></node>
<StgValue><ssdm name="j"/></StgValue>
</operation>

<operation id="31" st_id="3" stage="1" lat="1">
<core>NULL</core>
<MemPortIdVec></MemPortIdVec>
<condition id="6">
<or_exp><and_exp></and_exp></or_exp>
</condition>

<node id="32" bw="0" op_0_bw="1" op_1_bw="0" op_2_bw="0">
<![CDATA[
:5  br i1 %exitcond, label %.preheader, label %2

]]></node>
<StgValue><ssdm name=""/></StgValue>
</operation>

<operation id="32" st_id="3" stage="1" lat="1">
<core>NULL</core>
<MemPortIdVec></MemPortIdVec>
<condition id="8">
<or_exp><and_exp><literal name="exitcond" val="0"/>
</and_exp></or_exp>
</condition>

<node id="34" bw="2" op_0_bw="2" op_1_bw="6" op_2_bw="32" op_3_bw="32">
<![CDATA[
:0  %tmp_38 = call i2 @_ssdm_op_PartSelect.i2.i6.i32.i32(i6 %Hi_assign, i32 4, i32 5)

]]></node>
<StgValue><ssdm name="tmp_38"/></StgValue>
</operation>

<operation id="33" st_id="3" stage="1" lat="1">
<core>Cmp</core>
<MemPortIdVec></MemPortIdVec>
<condition id="8">
<or_exp><and_exp><literal name="exitcond" val="0"/>
</and_exp></or_exp>
</condition>

<node id="35" bw="1" op_0_bw="2" op_1_bw="2">
<![CDATA[
:1  %icmp = icmp eq i2 %tmp_38, 0

]]></node>
<StgValue><ssdm name="icmp"/></StgValue>
</operation>

<operation id="34" st_id="3" stage="1" lat="1">
<core>NULL</core>
<MemPortIdVec></MemPortIdVec>
<condition id="8">
<or_exp><and_exp><literal name="exitcond" val="0"/>
</and_exp></or_exp>
</condition>

<node id="36" bw="1" op_0_bw="1" op_1_bw="32" op_2_bw="32">
<![CDATA[
:2  %tmp_39 = call i1 @_ssdm_op_BitSelect.i1.i32.i32(i32 %tmp_V_2, i32 %Hi_assign_cast1)

]]></node>
<StgValue><ssdm name="tmp_39"/></StgValue>
</operation>

<operation id="35" st_id="3" stage="1" lat="1">
<core>NULL</core>
<MemPortIdVec></MemPortIdVec>
<condition id="8">
<or_exp><and_exp><literal name="exitcond" val="0"/>
</and_exp></or_exp>
</condition>

<node id="37" bw="0" op_0_bw="1" op_1_bw="0" op_2_bw="0">
<![CDATA[
:3  br i1 %icmp, label %3, label %4

]]></node>
<StgValue><ssdm name=""/></StgValue>
</operation>

<operation id="36" st_id="3" stage="1" lat="1">
<core>AddSub</core>
<MemPortIdVec></MemPortIdVec>
<condition id="10">
<or_exp><and_exp><literal name="exitcond" val="0"/>
<literal name="icmp" val="0"/>
</and_exp></or_exp>
</condition>

<node id="39" bw="6" op_0_bw="6" op_1_bw="6">
<![CDATA[
:0  %tmp_31 = add i6 %Hi_assign, -16

]]></node>
<StgValue><ssdm name="tmp_31"/></StgValue>
</operation>

<operation id="37" st_id="3" stage="1" lat="1">
<core>NULL</core>
<MemPortIdVec></MemPortIdVec>
<condition id="10">
<or_exp><and_exp><literal name="exitcond" val="0"/>
<literal name="icmp" val="0"/>
</and_exp></or_exp>
</condition>

<node id="40" bw="10" op_0_bw="6">
<![CDATA[
:1  %tmp_32_cast = zext i6 %tmp_31 to i10

]]></node>
<StgValue><ssdm name="tmp_32_cast"/></StgValue>
</operation>

<operation id="38" st_id="3" stage="1" lat="1">
<core>AddSub</core>
<MemPortIdVec></MemPortIdVec>
<condition id="10">
<or_exp><and_exp><literal name="exitcond" val="0"/>
<literal name="icmp" val="0"/>
</and_exp></or_exp>
</condition>

<node id="41" bw="10" op_0_bw="10" op_1_bw="10">
<![CDATA[
:2  %tmp_40 = add i10 %tmp_50_cast, %tmp_32_cast

]]></node>
<StgValue><ssdm name="tmp_40"/></StgValue>
</operation>

<operation id="39" st_id="3" stage="1" lat="1">
<core>NULL</core>
<MemPortIdVec></MemPortIdVec>
<condition id="10">
<or_exp><and_exp><literal name="exitcond" val="0"/>
<literal name="icmp" val="0"/>
</and_exp></or_exp>
</condition>

<node id="42" bw="64" op_0_bw="10">
<![CDATA[
:3  %tmp_52_cast = zext i10 %tmp_40 to i64

]]></node>
<StgValue><ssdm name="tmp_52_cast"/></StgValue>
</operation>

<operation id="40" st_id="3" stage="1" lat="1">
<core>NULL</core>
<MemPortIdVec></MemPortIdVec>
<condition id="10">
<or_exp><and_exp><literal name="exitcond" val="0"/>
<literal name="icmp" val="0"/>
</and_exp></or_exp>
</condition>

<node id="43" bw="8" op_0_bw="1" op_1_bw="64" op_2_bw="64">
<![CDATA[
:4  %input2_addr_1 = getelementptr [256 x i1]* %input2, i64 0, i64 %tmp_52_cast

]]></node>
<StgValue><ssdm name="input2_addr_1"/></StgValue>
</operation>

<operation id="41" st_id="3" stage="1" lat="1">
<core>RAM</core>
<MemPortIdVec>0 </MemPortIdVec>
<condition id="10">
<or_exp><and_exp><literal name="exitcond" val="0"/>
<literal name="icmp" val="0"/>
</and_exp></or_exp>
</condition>

<node id="44" bw="0" op_0_bw="1" op_1_bw="8">
<![CDATA[
:5  store i1 %tmp_39, i1* %input2_addr_1, align 1

]]></node>
<StgValue><ssdm name=""/></StgValue>
</operation>

<operation id="42" st_id="3" stage="1" lat="1">
<core>NULL</core>
<MemPortIdVec></MemPortIdVec>
<condition id="10">
<or_exp><and_exp><literal name="exitcond" val="0"/>
<literal name="icmp" val="0"/>
</and_exp></or_exp>
</condition>

<node id="45" bw="0" op_0_bw="0">
<![CDATA[
:6  br label %5

]]></node>
<StgValue><ssdm name=""/></StgValue>
</operation>

<operation id="43" st_id="3" stage="1" lat="1">
<core>NULL</core>
<MemPortIdVec></MemPortIdVec>
<condition id="12">
<or_exp><and_exp><literal name="exitcond" val="0"/>
<literal name="icmp" val="1"/>
</and_exp></or_exp>
</condition>

<node id="47" bw="10" op_0_bw="6">
<![CDATA[
:0  %tmp_30_cast = zext i6 %Hi_assign to i10

]]></node>
<StgValue><ssdm name="tmp_30_cast"/></StgValue>
</operation>

<operation id="44" st_id="3" stage="1" lat="1">
<core>AddSub</core>
<MemPortIdVec></MemPortIdVec>
<condition id="12">
<or_exp><and_exp><literal name="exitcond" val="0"/>
<literal name="icmp" val="1"/>
</and_exp></or_exp>
</condition>

<node id="48" bw="10" op_0_bw="10" op_1_bw="10">
<![CDATA[
:1  %tmp_s = add i10 %tmp_49_cast, %tmp_30_cast

]]></node>
<StgValue><ssdm name="tmp_s"/></StgValue>
</operation>

<operation id="45" st_id="3" stage="1" lat="1">
<core>NULL</core>
<MemPortIdVec></MemPortIdVec>
<condition id="12">
<or_exp><and_exp><literal name="exitcond" val="0"/>
<literal name="icmp" val="1"/>
</and_exp></or_exp>
</condition>

<node id="49" bw="64" op_0_bw="10">
<![CDATA[
:2  %tmp_51_cast = zext i10 %tmp_s to i64

]]></node>
<StgValue><ssdm name="tmp_51_cast"/></StgValue>
</operation>

<operation id="46" st_id="3" stage="1" lat="1">
<core>NULL</core>
<MemPortIdVec></MemPortIdVec>
<condition id="12">
<or_exp><and_exp><literal name="exitcond" val="0"/>
<literal name="icmp" val="1"/>
</and_exp></or_exp>
</condition>

<node id="50" bw="8" op_0_bw="1" op_1_bw="64" op_2_bw="64">
<![CDATA[
:3  %input2_addr = getelementptr [256 x i1]* %input2, i64 0, i64 %tmp_51_cast

]]></node>
<StgValue><ssdm name="input2_addr"/></StgValue>
</operation>

<operation id="47" st_id="3" stage="1" lat="1">
<core>RAM</core>
<MemPortIdVec>0 </MemPortIdVec>
<condition id="12">
<or_exp><and_exp><literal name="exitcond" val="0"/>
<literal name="icmp" val="1"/>
</and_exp></or_exp>
</condition>

<node id="51" bw="0" op_0_bw="1" op_1_bw="8">
<![CDATA[
:4  store i1 %tmp_39, i1* %input2_addr, align 1

]]></node>
<StgValue><ssdm name=""/></StgValue>
</operation>

<operation id="48" st_id="3" stage="1" lat="1">
<core>NULL</core>
<MemPortIdVec></MemPortIdVec>
<condition id="12">
<or_exp><and_exp><literal name="exitcond" val="0"/>
<literal name="icmp" val="1"/>
</and_exp></or_exp>
</condition>

<node id="52" bw="0" op_0_bw="0">
<![CDATA[
:5  br label %5

]]></node>
<StgValue><ssdm name=""/></StgValue>
</operation>

<operation id="49" st_id="3" stage="1" lat="1">
<core>NULL</core>
<MemPortIdVec></MemPortIdVec>
<condition id="15">
<or_exp><and_exp><literal name="exitcond" val="0"/>
</and_exp></or_exp>
</condition>

<node id="54" bw="0" op_0_bw="0">
<![CDATA[
:0  br label %1

]]></node>
<StgValue><ssdm name=""/></StgValue>
</operation>
</state>

<state id="4" st_id="4">

<operation id="50" st_id="4" stage="1" lat="2">
<core></core>
<MemPortIdVec></MemPortIdVec>
<condition id="16">
<or_exp><and_exp></and_exp></or_exp>
</condition>

<node id="56" bw="6" op_0_bw="6" op_1_bw="1" op_2_bw="6">
<![CDATA[
:0  %p_s = call fastcc i6 @dut_top([256 x i1]* %input2, [4096 x i6]* %v2_0)

]]></node>
<StgValue><ssdm name="p_s"/></StgValue>
</operation>

<operation id="51" st_id="4" stage="1" lat="1">
<core>NULL</core>
<MemPortIdVec></MemPortIdVec>
<condition id="16">
<or_exp><and_exp></and_exp></or_exp>
</condition>

<node id="57" bw="32" op_0_bw="6">
<![CDATA[
:1  %tmp_V = sext i6 %p_s to i32

]]></node>
<StgValue><ssdm name="tmp_V"/></StgValue>
</operation>

<operation id="52" st_id="4" stage="1" lat="1">
<core>FIFO</core>
<MemPortIdVec></MemPortIdVec>
<condition id="16">
<or_exp><and_exp></and_exp></or_exp>
</condition>

<node id="58" bw="0" op_0_bw="0" op_1_bw="32" op_2_bw="32">
<![CDATA[
:2  call void @_ssdm_op_Write.ap_fifo.volatile.i32P(i32* %strm_out_V_V, i32 %tmp_V)

]]></node>
<StgValue><ssdm name=""/></StgValue>
</operation>

<operation id="53" st_id="4" stage="1" lat="1">
<core>NULL</core>
<MemPortIdVec></MemPortIdVec>
<condition id="16">
<or_exp><and_exp></and_exp></or_exp>
</condition>

<node id="59" bw="0">
<![CDATA[
:3  ret void

]]></node>
<StgValue><ssdm name=""/></StgValue>
</operation>
</state>
</state_list>


<ports>
<port id="60" name="strm_in_V_V" dir="0" iftype="3">
<core>FIFO</core><StgValue><ssdm name="strm_in_V_V"/></StgValue>
</port>
<port id="61" name="strm_out_V_V" dir="1" iftype="3">
<core>FIFO</core><StgValue><ssdm name="strm_out_V_V"/></StgValue>
</port>
<port id="62" name="w_conv1_new_0" dir="0" iftype="1">
<core>ROM_nP</core><StgValue><ssdm name="w_conv1_new_0"/><MemPortTyVec>1 </MemPortTyVec>
</StgValue>
</port>
</ports>


<dataflows>
<dataflow id="64" from="_ssdm_op_SpecInterface" to="empty" fromId="63" toId="5">
</dataflow>
<dataflow id="65" from="strm_out_V_V" to="empty" fromId="61" toId="5">
</dataflow>
<dataflow id="67" from="ap_fifo_str" to="empty" fromId="66" toId="5">
</dataflow>
<dataflow id="69" from="stg_68" to="empty" fromId="68" toId="5">
</dataflow>
<dataflow id="70" from="stg_68" to="empty" fromId="68" toId="5">
</dataflow>
<dataflow id="71" from="stg_68" to="empty" fromId="68" toId="5">
</dataflow>
<dataflow id="72" from="stg_68" to="empty" fromId="68" toId="5">
</dataflow>
<dataflow id="74" from="p_str" to="empty" fromId="73" toId="5">
</dataflow>
<dataflow id="75" from="p_str" to="empty" fromId="73" toId="5">
</dataflow>
<dataflow id="76" from="p_str" to="empty" fromId="73" toId="5">
</dataflow>
<dataflow id="78" from="stg_77" to="empty" fromId="77" toId="5">
</dataflow>
<dataflow id="79" from="stg_77" to="empty" fromId="77" toId="5">
</dataflow>
<dataflow id="81" from="stg_80" to="empty" fromId="80" toId="5">
</dataflow>
<dataflow id="82" from="stg_80" to="empty" fromId="80" toId="5">
</dataflow>
<dataflow id="83" from="p_str" to="empty" fromId="73" toId="5">
</dataflow>
<dataflow id="84" from="_ssdm_op_SpecInterface" to="empty_17" fromId="63" toId="6">
</dataflow>
<dataflow id="85" from="strm_in_V_V" to="empty_17" fromId="60" toId="6">
</dataflow>
<dataflow id="86" from="ap_fifo_str" to="empty_17" fromId="66" toId="6">
</dataflow>
<dataflow id="87" from="stg_68" to="empty_17" fromId="68" toId="6">
</dataflow>
<dataflow id="88" from="stg_68" to="empty_17" fromId="68" toId="6">
</dataflow>
<dataflow id="89" from="stg_68" to="empty_17" fromId="68" toId="6">
</dataflow>
<dataflow id="90" from="stg_68" to="empty_17" fromId="68" toId="6">
</dataflow>
<dataflow id="91" from="p_str" to="empty_17" fromId="73" toId="6">
</dataflow>
<dataflow id="92" from="p_str" to="empty_17" fromId="73" toId="6">
</dataflow>
<dataflow id="93" from="p_str" to="empty_17" fromId="73" toId="6">
</dataflow>
<dataflow id="94" from="stg_77" to="empty_17" fromId="77" toId="6">
</dataflow>
<dataflow id="95" from="stg_77" to="empty_17" fromId="77" toId="6">
</dataflow>
<dataflow id="96" from="stg_80" to="empty_17" fromId="80" toId="6">
</dataflow>
<dataflow id="97" from="stg_80" to="empty_17" fromId="80" toId="6">
</dataflow>
<dataflow id="98" from="p_str" to="empty_17" fromId="73" toId="6">
</dataflow>
<dataflow id="100" from="_ssdm_op_SpecBitsMap" to="stg_7" fromId="99" toId="7">
</dataflow>
<dataflow id="101" from="strm_in_V_V" to="stg_7" fromId="60" toId="7">
</dataflow>
<dataflow id="102" from="_ssdm_op_SpecBitsMap" to="stg_8" fromId="99" toId="8">
</dataflow>
<dataflow id="103" from="strm_out_V_V" to="stg_8" fromId="61" toId="8">
</dataflow>
<dataflow id="105" from="_ssdm_op_SpecTopModule" to="stg_9" fromId="104" toId="9">
</dataflow>
<dataflow id="107" from="dut_str" to="stg_9" fromId="106" toId="9">
</dataflow>
<dataflow id="109" from="stg_108" to="input2" fromId="108" toId="10">
</dataflow>
<dataflow id="110" from="stg_108" to="v2_0" fromId="108" toId="11">
</dataflow>
<dataflow id="112" from="stg_111" to="i" fromId="111" toId="13">
<condition id="37">
<or_exp><and_exp></and_exp></or_exp>
</condition>
</dataflow>
<dataflow id="113" from="stg_12" to="i" fromId="12" toId="13">
</dataflow>
<dataflow id="114" from="i_1" to="i" fromId="16" toId="13">
<BackEdge/>
<condition id="38">
<or_exp><and_exp><literal name="exitcond" val="1"/>
</and_exp></or_exp>
</condition>
</dataflow>
<dataflow id="115" from="stg_31" to="i" fromId="31" toId="13">
<BackEdge/>
</dataflow>
<dataflow id="116" from="i" to="exitcond7" fromId="13" toId="14">
</dataflow>
<dataflow id="118" from="stg_117" to="exitcond7" fromId="117" toId="14">
</dataflow>
<dataflow id="120" from="_ssdm_op_SpecLoopTripCount" to="empty_18" fromId="119" toId="15">
</dataflow>
<dataflow id="122" from="stg_121" to="empty_18" fromId="121" toId="15">
</dataflow>
<dataflow id="123" from="stg_121" to="empty_18" fromId="121" toId="15">
</dataflow>
<dataflow id="124" from="stg_121" to="empty_18" fromId="121" toId="15">
</dataflow>
<dataflow id="125" from="i" to="i_1" fromId="13" toId="16">
</dataflow>
<dataflow id="127" from="stg_126" to="i_1" fromId="126" toId="16">
</dataflow>
<dataflow id="128" from="exitcond7" to="stg_17" fromId="14" toId="17">
</dataflow>
<dataflow id="130" from="_ssdm_op_Read.ap_fifo.volatile.i32P" to="tmp_V_2" fromId="129" toId="18">
</dataflow>
<dataflow id="131" from="strm_in_V_V" to="tmp_V_2" fromId="60" toId="18">
</dataflow>
<dataflow id="132" from="i" to="tmp" fromId="13" toId="19">
</dataflow>
<dataflow id="133" from="i" to="tmp_37" fromId="13" toId="20">
</dataflow>
<dataflow id="134" from="stg_126" to="tmp_37" fromId="126" toId="20">
</dataflow>
<dataflow id="136" from="_ssdm_op_BitConcatenate.i10.i2.i3.i5" to="tmp_49_cast" fromId="135" toId="21">
</dataflow>
<dataflow id="138" from="stg_137" to="tmp_49_cast" fromId="137" toId="21">
</dataflow>
<dataflow id="139" from="tmp" to="tmp_49_cast" fromId="19" toId="21">
</dataflow>
<dataflow id="141" from="stg_140" to="tmp_49_cast" fromId="140" toId="21">
</dataflow>
<dataflow id="142" from="tmp_37" to="tmp_26" fromId="20" toId="22">
</dataflow>
<dataflow id="143" from="stg_126" to="tmp_26" fromId="126" toId="22">
</dataflow>
<dataflow id="145" from="_ssdm_op_BitConcatenate.i10.i2.i4.i4" to="tmp_50_cast" fromId="144" toId="23">
</dataflow>
<dataflow id="146" from="stg_137" to="tmp_50_cast" fromId="137" toId="23">
</dataflow>
<dataflow id="147" from="tmp_26" to="tmp_50_cast" fromId="22" toId="23">
</dataflow>
<dataflow id="148" from="stg_111" to="tmp_50_cast" fromId="111" toId="23">
</dataflow>
<dataflow id="150" from="dut_top" to="p_s" fromId="149" toId="25">
</dataflow>
<dataflow id="151" from="input2" to="p_s" fromId="10" toId="25">
</dataflow>
<dataflow id="152" from="v2_0" to="p_s" fromId="11" toId="25">
</dataflow>
<dataflow id="153" from="w_conv1_new_0" to="p_s" fromId="62" toId="25">
</dataflow>
<dataflow id="155" from="stg_154" to="Hi_assign" fromId="154" toId="26">
<condition id="39">
<or_exp><and_exp><literal name="exitcond7" val="0"/>
</and_exp></or_exp>
</condition>
</dataflow>
<dataflow id="156" from="stg_24" to="Hi_assign" fromId="24" toId="26">
</dataflow>
<dataflow id="157" from="j" to="Hi_assign" fromId="30" toId="26">
<BackEdge/>
<condition id="40">
<or_exp><and_exp><literal name="exitcond" val="0"/>
</and_exp></or_exp>
</condition>
</dataflow>
<dataflow id="158" from="stg_49" to="Hi_assign" fromId="49" toId="26">
<BackEdge/>
</dataflow>
<dataflow id="159" from="Hi_assign" to="Hi_assign_cast1" fromId="26" toId="27">
</dataflow>
<dataflow id="160" from="Hi_assign" to="exitcond" fromId="26" toId="28">
</dataflow>
<dataflow id="162" from="stg_161" to="exitcond" fromId="161" toId="28">
</dataflow>
<dataflow id="163" from="_ssdm_op_SpecLoopTripCount" to="empty_19" fromId="119" toId="29">
</dataflow>
<dataflow id="165" from="stg_164" to="empty_19" fromId="164" toId="29">
</dataflow>
<dataflow id="166" from="stg_164" to="empty_19" fromId="164" toId="29">
</dataflow>
<dataflow id="167" from="stg_164" to="empty_19" fromId="164" toId="29">
</dataflow>
<dataflow id="168" from="Hi_assign" to="j" fromId="26" toId="30">
</dataflow>
<dataflow id="170" from="stg_169" to="j" fromId="169" toId="30">
</dataflow>
<dataflow id="171" from="exitcond" to="stg_31" fromId="28" toId="31">
</dataflow>
<dataflow id="173" from="_ssdm_op_PartSelect.i2.i6.i32.i32" to="tmp_38" fromId="172" toId="32">
</dataflow>
<dataflow id="174" from="Hi_assign" to="tmp_38" fromId="26" toId="32">
</dataflow>
<dataflow id="176" from="stg_175" to="tmp_38" fromId="175" toId="32">
</dataflow>
<dataflow id="178" from="stg_177" to="tmp_38" fromId="177" toId="32">
</dataflow>
<dataflow id="179" from="tmp_38" to="icmp" fromId="32" toId="33">
</dataflow>
<dataflow id="181" from="stg_180" to="icmp" fromId="180" toId="33">
</dataflow>
<dataflow id="183" from="_ssdm_op_BitSelect.i1.i32.i32" to="tmp_39" fromId="182" toId="34">
</dataflow>
<dataflow id="184" from="tmp_V_2" to="tmp_39" fromId="18" toId="34">
</dataflow>
<dataflow id="185" from="Hi_assign_cast1" to="tmp_39" fromId="27" toId="34">
</dataflow>
<dataflow id="186" from="icmp" to="stg_35" fromId="33" toId="35">
</dataflow>
<dataflow id="187" from="Hi_assign" to="tmp_31" fromId="26" toId="36">
</dataflow>
<dataflow id="189" from="stg_188" to="tmp_31" fromId="188" toId="36">
</dataflow>
<dataflow id="190" from="tmp_31" to="tmp_32_cast" fromId="36" toId="37">
</dataflow>
<dataflow id="191" from="tmp_50_cast" to="tmp_40" fromId="23" toId="38">
</dataflow>
<dataflow id="192" from="tmp_32_cast" to="tmp_40" fromId="37" toId="38">
</dataflow>
<dataflow id="193" from="tmp_40" to="tmp_52_cast" fromId="38" toId="39">
</dataflow>
<dataflow id="194" from="input2" to="input2_addr_1" fromId="10" toId="40">
</dataflow>
<dataflow id="196" from="stg_195" to="input2_addr_1" fromId="195" toId="40">
</dataflow>
<dataflow id="197" from="tmp_52_cast" to="input2_addr_1" fromId="39" toId="40">
</dataflow>
<dataflow id="198" from="tmp_39" to="stg_41" fromId="34" toId="41">
</dataflow>
<dataflow id="199" from="input2_addr_1" to="stg_41" fromId="40" toId="41">
</dataflow>
<dataflow id="200" from="Hi_assign" to="tmp_30_cast" fromId="26" toId="43">
</dataflow>
<dataflow id="201" from="tmp_49_cast" to="tmp_s" fromId="21" toId="44">
</dataflow>
<dataflow id="202" from="tmp_30_cast" to="tmp_s" fromId="43" toId="44">
</dataflow>
<dataflow id="203" from="tmp_s" to="tmp_51_cast" fromId="44" toId="45">
</dataflow>
<dataflow id="204" from="input2" to="input2_addr" fromId="10" toId="46">
</dataflow>
<dataflow id="205" from="stg_195" to="input2_addr" fromId="195" toId="46">
</dataflow>
<dataflow id="206" from="tmp_51_cast" to="input2_addr" fromId="45" toId="46">
</dataflow>
<dataflow id="207" from="tmp_39" to="stg_47" fromId="34" toId="47">
</dataflow>
<dataflow id="208" from="input2_addr" to="stg_47" fromId="46" toId="47">
</dataflow>
<dataflow id="209" from="dut_top" to="p_s" fromId="149" toId="50">
</dataflow>
<dataflow id="210" from="input2" to="p_s" fromId="10" toId="50">
</dataflow>
<dataflow id="211" from="v2_0" to="p_s" fromId="11" toId="50">
</dataflow>
<dataflow id="212" from="w_conv1_new_0" to="p_s" fromId="62" toId="50">
</dataflow>
<dataflow id="213" from="p_s" to="tmp_V" fromId="50" toId="51">
</dataflow>
<dataflow id="215" from="_ssdm_op_Write.ap_fifo.volatile.i32P" to="stg_52" fromId="214" toId="52">
</dataflow>
<dataflow id="216" from="strm_out_V_V" to="stg_52" fromId="61" toId="52">
</dataflow>
<dataflow id="217" from="tmp_V" to="stg_52" fromId="51" toId="52">
</dataflow>
<dataflow id="218" from="exitcond7" to="stg_2" fromId="14" toId="2">
</dataflow>
<dataflow id="219" from="exitcond" to="stg_3" fromId="28" toId="3">
</dataflow>
<dataflow id="220" from="icmp" to="stg_3" fromId="33" toId="3">
</dataflow>
</dataflows>


</stg>
