<profile>

<section name = "Vivado HLS Report for 'dut'" level="0">
<item name = "Date">Sun Jan 29 23:25:09 2023
</item>
<item name = "Version">2016.2 (Build 1577090 on Thu Jun 02 16:59:10 MDT 2016)</item>
<item name = "Project">bnn.prj</item>
<item name = "Solution">solution1</item>
<item name = "Product family">zynq</item>
<item name = "Target device">xc7z020clg484-1</item>
</section>

<section name = "Performance Estimates" level="0">
<item name = "Timing (ns)">
<section name = "" level="1">
<item name = "Target clock period (ns)">10.00</item>
<item name = "Clock uncertainty (ns)">1.25</item>
<item name = "Estimated clock period (ns)">7.08</item>
</section>
</item>
<item name = "Latency (clock cycles)">
<section name = "" level="1">
<item name = "Summary"><table name="" hasTotal="0">
<keys size="6">, min, max, min, max, Type</keys>
<column name="">108001, 108001, 108002, 108002, none</column>
</table>
</item>
<item name = "Detail">
<section name = "" level="1">
<item name = "Instance"><table name="" hasTotal="0">
<keys size="7">Instance, Module, min, max, min, max, Type</keys>
<column name="grp_dut_top_fu_133">dut_top, 107727, 107727, 107727, 107727, none</column>
</table>
</item>
<item name = "Loop"><table name="" hasTotal="0">
<keys size="8">Loop Name, min, max, Latency, achieved, target, Count, Pipelined</keys>
<column name="- Loop 1">272, 272, 34, -, -, 8, no</column>
<column name=" + Loop 1.1">32, 32, 1, -, -, 32, no</column>
</table>
</item>
</section>
</item>
</section>
</item>
</section>

<section name = "Utilization Estimates" level="0">
<item name = "Summary"><table name="" hasTotal="1">
<keys size="5">Name, BRAM_18K, DSP48E, FF, LUT</keys>
<column name="DSP">-, -, -, -</column>
<column name="Expression">-, -, 0, 50</column>
<column name="FIFO">-, -, -, -</column>
<column name="Instance">0, -, 179, 326</column>
<column name="Memory">2, -, 2, 4</column>
<column name="Multiplexer">-, -, -, 22</column>
<column name="Register">-, -, 57, -</column>
<specialColumn name="Available">280, 220, 106400, 53200</specialColumn>
<specialColumn name="Utilization (%)">~0, 0, ~0, ~0</specialColumn>
</table>
</item>
<item name = "Detail">
<section name = "" level="1">
<item name = "Instance"><table name="" hasTotal="1">
<keys size="6">Instance, Module, BRAM_18K, DSP48E, FF, LUT</keys>
<column name="grp_dut_top_fu_133">dut_top, 0, 0, 179, 326</column>
</table>
</item>
<item name = "DSP48"><table name="" hasTotal="0">
<keys size="3">Instance, Module, Expression</keys>
</table>
</item>
<item name = "Memory"><table name="" hasTotal="1">
<keys size="9">Memory, Module, BRAM_18K, FF, LUT, Words, Bits, Banks, W*Bits*Banks</keys>
<column name="input2_U">dut_input2, 0, 2, 4, 256, 1, 1, 256</column>
<column name="v2_0_U">dut_v2_0, 2, 0, 0, 4096, 6, 1, 24576</column>
</table>
</item>
<item name = "FIFO"><table name="" hasTotal="1">
<keys size="7">Name, BRAM_18K, FF, LUT, Depth, Bits, Size:D*B</keys>
</table>
</item>
<item name = "Expression"><table name="" hasTotal="1">
<keys size="7">Variable Name, Operation, DSP48E, FF, LUT, Bitwidth P0, Bitwidth P1</keys>
<column name="i_1_fu_147_p2">+, 0, 0, 4, 4, 1</column>
<column name="j_fu_199_p2">+, 0, 0, 6, 6, 1</column>
<column name="tmp_31_fu_229_p2">+, 0, 0, 6, 6, 6</column>
<column name="tmp_40_fu_239_p2">+, 0, 0, 10, 10, 10</column>
<column name="tmp_s_fu_253_p2">+, 0, 0, 10, 10, 10</column>
<column name="ap_sig_58">and, 0, 0, 1, 1, 1</column>
<column name="exitcond7_fu_141_p2">icmp, 0, 0, 2, 4, 5</column>
<column name="exitcond_fu_193_p2">icmp, 0, 0, 3, 6, 7</column>
<column name="icmp_fu_215_p2">icmp, 0, 0, 1, 2, 1</column>
<column name="tmp_26_fu_173_p2">or, 0, 0, 7, 4, 1</column>
</table>
</item>
<item name = "Multiplexer"><table name="" hasTotal="1">
<keys size="5">Name, LUT, Input Size, Bits, Total Bits</keys>
<column name="Hi_assign_reg_122">6, 2, 6, 12</column>
<column name="ap_NS_fsm">1, 5, 1, 5</column>
<column name="i_reg_111">4, 2, 4, 8</column>
<column name="input2_address0">8, 4, 8, 32</column>
<column name="input2_ce0">1, 3, 1, 3</column>
<column name="strm_in_V_V_blk_n">1, 2, 1, 2</column>
<column name="strm_out_V_V_blk_n">1, 2, 1, 2</column>
</table>
</item>
<item name = "Register"><table name="" hasTotal="1">
<keys size="5">Name, FF, LUT, Bits, Const Bits</keys>
<column name="Hi_assign_reg_122">6, 0, 6, 0</column>
<column name="ap_CS_fsm">4, 0, 4, 0</column>
<column name="ap_reg_grp_dut_top_fu_133_ap_start">1, 0, 1, 0</column>
<column name="i_1_reg_271">4, 0, 4, 0</column>
<column name="i_reg_111">4, 0, 4, 0</column>
<column name="tmp_49_cast_reg_281">3, 0, 10, 7</column>
<column name="tmp_50_cast_reg_286">3, 0, 10, 7</column>
<column name="tmp_V_2_reg_276">32, 0, 32, 0</column>
</table>
</item>
</section>
</item>
</section>

<section name = "Interface" level="0">
<item name = "Summary"><table name="" hasTotal="0">
<keys size="6">RTL Ports, Dir, Bits, Protocol, Source Object, C Type</keys>
<column name="ap_clk">in, 1, ap_ctrl_hs, dut, return value</column>
<column name="ap_rst">in, 1, ap_ctrl_hs, dut, return value</column>
<column name="ap_start">in, 1, ap_ctrl_hs, dut, return value</column>
<column name="ap_done">out, 1, ap_ctrl_hs, dut, return value</column>
<column name="ap_idle">out, 1, ap_ctrl_hs, dut, return value</column>
<column name="ap_ready">out, 1, ap_ctrl_hs, dut, return value</column>
<column name="strm_in_V_V_dout">in, 32, ap_fifo, strm_in_V_V, pointer</column>
<column name="strm_in_V_V_empty_n">in, 1, ap_fifo, strm_in_V_V, pointer</column>
<column name="strm_in_V_V_read">out, 1, ap_fifo, strm_in_V_V, pointer</column>
<column name="strm_out_V_V_din">out, 32, ap_fifo, strm_out_V_V, pointer</column>
<column name="strm_out_V_V_full_n">in, 1, ap_fifo, strm_out_V_V, pointer</column>
<column name="strm_out_V_V_write">out, 1, ap_fifo, strm_out_V_V, pointer</column>
</table>
</item>
</section>

<section name = "Critical Path" level="0">
<item name = "Max Delay">7.08</item>
<item name = "Critical Path Table"><table name="Critical Path Table" hasTotal="0">
<keys size="15">Name, Operator, Delay, Accumulated Delay, Store Source, Resource, Core, Interface, Type, Port, Array, Scope, Pointer, Callee, Phi Node</keys>
<column name="'p_s', bnn.cpp:53">call, 2.71, 2.71, -, -, -, -, -, -, -, -, -, dut_top, -</column>
<column name="'val', bnn.cpp:53">sext, 0.00, 2.71, -, -, -, -, -, -, -, -, -, -, -</column>
<column name="bnn.cpp:55">write, 4.38, 7.08, -, -, -, fifo, write, &apos;strm_out_V_V&apos;, -, -, -, -, -</column>
</table>
</item>
</section>
</profile>
