<profile>

<RTLDesignHierarchy>
<TopModule>
<ModuleName>dut</ModuleName>
<InstancesList>
<Instance>
<InstName>grp_dut_top_fu_133</InstName>
<ModuleName>dut_top</ModuleName>
<ID>133</ID>
</Instance>
</InstancesList>
</TopModule>
</RTLDesignHierarchy>

<ModuleInformation>
<Module>
<Name>dut_top</Name>
<PerformanceEstimates>
<SummaryOfTimingAnalysis>
<TargetClockPeriod>10.00</TargetClockPeriod>
<ClockUncertainty>1.25</ClockUncertainty>
<EstimatedClockPeriod>6.15</EstimatedClockPeriod>
</SummaryOfTimingAnalysis>
<SummaryOfOverallLatency>
<Best-caseLatency>107727</Best-caseLatency>
<Average-caseLatency>107727</Average-caseLatency>
<Worst-caseLatency>107727</Worst-caseLatency>
<PipelineInitiationInterval>107727</PipelineInitiationInterval>
<PipelineType>none</PipelineType>
</SummaryOfOverallLatency>
<SummaryOfLoopLatency>
<l_hh>
<Name>l_hh</Name>
<TripCount>18</TripCount>
<Latency>684</Latency>
<IterationLatency>38</IterationLatency>
<PipelineDepth>38</PipelineDepth>
<l_ww>
<Name>l_ww</Name>
<TripCount>18</TripCount>
<Latency>36</Latency>
<IterationLatency>2</IterationLatency>
<PipelineDepth>2</PipelineDepth>
</l_ww>
</l_hh>
<l_ff>
<Name>l_ff</Name>
<TripCount>16</TripCount>
<Latency>107040</Latency>
<IterationLatency>6690</IterationLatency>
<PipelineDepth>6690</PipelineDepth>
<l_yy>
<Name>l_yy</Name>
<TripCount>16</TripCount>
<Latency>6688</Latency>
<IterationLatency>418</IterationLatency>
<PipelineDepth>418</PipelineDepth>
<l_xx>
<Name>l_xx</Name>
<TripCount>16</TripCount>
<Latency>416</Latency>
<IterationLatency>26</IterationLatency>
<PipelineDepth>26</PipelineDepth>
<l_ry>
<Name>l_ry</Name>
<TripCount>3</TripCount>
<Latency>24</Latency>
<IterationLatency>8</IterationLatency>
<PipelineDepth>8</PipelineDepth>
<l_rx>
<Name>l_rx</Name>
<TripCount>3</TripCount>
<Latency>6</Latency>
<IterationLatency>2</IterationLatency>
<PipelineDepth>2</PipelineDepth>
</l_rx>
</l_ry>
</l_xx>
</l_yy>
</l_ff>
</SummaryOfLoopLatency>
</PerformanceEstimates>
<AreaEstimates>
<Resources>
<BRAM_18K>0</BRAM_18K>
<FF>179</FF>
<LUT>326</LUT>
<DSP48E>0</DSP48E>
</Resources>
</AreaEstimates>
<InterfaceSummary>
<RtlPorts>
<name>ap_clk</name>
<Object>dut_top</Object>
<Type>return value</Type>
<Scope></Scope>
<IOProtocol>ap_ctrl_hs</IOProtocol>
<IOConfig></IOConfig>
<Dir>in</Dir>
<Bits>1</Bits>
<Attribute>control</Attribute>
</RtlPorts>
<RtlPorts>
<name>ap_rst</name>
<Object>dut_top</Object>
<Type>return value</Type>
<Scope></Scope>
<IOProtocol>ap_ctrl_hs</IOProtocol>
<IOConfig></IOConfig>
<Dir>in</Dir>
<Bits>1</Bits>
<Attribute>control</Attribute>
</RtlPorts>
<RtlPorts>
<name>ap_start</name>
<Object>dut_top</Object>
<Type>return value</Type>
<Scope></Scope>
<IOProtocol>ap_ctrl_hs</IOProtocol>
<IOConfig></IOConfig>
<Dir>in</Dir>
<Bits>1</Bits>
<Attribute>control</Attribute>
</RtlPorts>
<RtlPorts>
<name>ap_done</name>
<Object>dut_top</Object>
<Type>return value</Type>
<Scope></Scope>
<IOProtocol>ap_ctrl_hs</IOProtocol>
<IOConfig></IOConfig>
<Dir>out</Dir>
<Bits>1</Bits>
<Attribute>control</Attribute>
</RtlPorts>
<RtlPorts>
<name>ap_idle</name>
<Object>dut_top</Object>
<Type>return value</Type>
<Scope></Scope>
<IOProtocol>ap_ctrl_hs</IOProtocol>
<IOConfig></IOConfig>
<Dir>out</Dir>
<Bits>1</Bits>
<Attribute>control</Attribute>
</RtlPorts>
<RtlPorts>
<name>ap_ready</name>
<Object>dut_top</Object>
<Type>return value</Type>
<Scope></Scope>
<IOProtocol>ap_ctrl_hs</IOProtocol>
<IOConfig></IOConfig>
<Dir>out</Dir>
<Bits>1</Bits>
<Attribute>control</Attribute>
</RtlPorts>
<RtlPorts>
<name>ap_return</name>
<Object>dut_top</Object>
<Type>return value</Type>
<Scope></Scope>
<IOProtocol>ap_ctrl_hs</IOProtocol>
<IOConfig></IOConfig>
<Dir>out</Dir>
<Bits>6</Bits>
<Attribute>data</Attribute>
</RtlPorts>
<RtlPorts>
<name>v0_address0</name>
<Object>v0</Object>
<Type>array</Type>
<Scope></Scope>
<IOProtocol>ap_memory</IOProtocol>
<IOConfig></IOConfig>
<Dir>out</Dir>
<Bits>8</Bits>
<Attribute>address</Attribute>
</RtlPorts>
<RtlPorts>
<name>v0_ce0</name>
<Object>v0</Object>
<Type>array</Type>
<Scope></Scope>
<IOProtocol>ap_memory</IOProtocol>
<IOConfig></IOConfig>
<Dir>out</Dir>
<Bits>1</Bits>
<Attribute>control</Attribute>
</RtlPorts>
<RtlPorts>
<name>v0_q0</name>
<Object>v0</Object>
<Type>array</Type>
<Scope></Scope>
<IOProtocol>ap_memory</IOProtocol>
<IOConfig></IOConfig>
<Dir>in</Dir>
<Bits>1</Bits>
<Attribute>data</Attribute>
</RtlPorts>
<RtlPorts>
<name>v2_0_V_address0</name>
<Object>v2_0_V</Object>
<Type>array</Type>
<Scope></Scope>
<IOProtocol>ap_memory</IOProtocol>
<IOConfig></IOConfig>
<Dir>out</Dir>
<Bits>12</Bits>
<Attribute>address</Attribute>
</RtlPorts>
<RtlPorts>
<name>v2_0_V_ce0</name>
<Object>v2_0_V</Object>
<Type>array</Type>
<Scope></Scope>
<IOProtocol>ap_memory</IOProtocol>
<IOConfig></IOConfig>
<Dir>out</Dir>
<Bits>1</Bits>
<Attribute>control</Attribute>
</RtlPorts>
<RtlPorts>
<name>v2_0_V_we0</name>
<Object>v2_0_V</Object>
<Type>array</Type>
<Scope></Scope>
<IOProtocol>ap_memory</IOProtocol>
<IOConfig></IOConfig>
<Dir>out</Dir>
<Bits>1</Bits>
<Attribute>control</Attribute>
</RtlPorts>
<RtlPorts>
<name>v2_0_V_d0</name>
<Object>v2_0_V</Object>
<Type>array</Type>
<Scope></Scope>
<IOProtocol>ap_memory</IOProtocol>
<IOConfig></IOConfig>
<Dir>out</Dir>
<Bits>6</Bits>
<Attribute>data</Attribute>
</RtlPorts>
<RtlPorts>
<name>v2_0_V_q0</name>
<Object>v2_0_V</Object>
<Type>array</Type>
<Scope></Scope>
<IOProtocol>ap_memory</IOProtocol>
<IOConfig></IOConfig>
<Dir>in</Dir>
<Bits>6</Bits>
<Attribute>data</Attribute>
</RtlPorts>
</InterfaceSummary>
</Module>
<Module>
<Name>dut</Name>
<PerformanceEstimates>
<SummaryOfTimingAnalysis>
<TargetClockPeriod>10.00</TargetClockPeriod>
<ClockUncertainty>1.25</ClockUncertainty>
<EstimatedClockPeriod>7.08</EstimatedClockPeriod>
</SummaryOfTimingAnalysis>
<SummaryOfOverallLatency>
<Best-caseLatency>108001</Best-caseLatency>
<Average-caseLatency>108001</Average-caseLatency>
<Worst-caseLatency>108001</Worst-caseLatency>
<PipelineInitiationInterval>108002</PipelineInitiationInterval>
<PipelineType>none</PipelineType>
</SummaryOfOverallLatency>
<SummaryOfLoopLatency>
<Loop1>
<Name>Loop 1</Name>
<TripCount>8</TripCount>
<Latency>272</Latency>
<IterationLatency>34</IterationLatency>
<PipelineDepth>34</PipelineDepth>
<Loop1.1>
<Name>Loop 1.1</Name>
<TripCount>32</TripCount>
<Latency>32</Latency>
<IterationLatency>1</IterationLatency>
<PipelineDepth>1</PipelineDepth>
</Loop1.1>
</Loop1>
</SummaryOfLoopLatency>
</PerformanceEstimates>
<AreaEstimates>
<Resources>
<BRAM_18K>2</BRAM_18K>
<FF>238</FF>
<LUT>402</LUT>
<DSP48E>0</DSP48E>
</Resources>
</AreaEstimates>
<InterfaceSummary>
<RtlPorts>
<name>ap_clk</name>
<Object>dut</Object>
<Type>return value</Type>
<Scope></Scope>
<IOProtocol>ap_ctrl_hs</IOProtocol>
<IOConfig></IOConfig>
<Dir>in</Dir>
<Bits>1</Bits>
<Attribute>control</Attribute>
</RtlPorts>
<RtlPorts>
<name>ap_rst</name>
<Object>dut</Object>
<Type>return value</Type>
<Scope></Scope>
<IOProtocol>ap_ctrl_hs</IOProtocol>
<IOConfig></IOConfig>
<Dir>in</Dir>
<Bits>1</Bits>
<Attribute>control</Attribute>
</RtlPorts>
<RtlPorts>
<name>ap_start</name>
<Object>dut</Object>
<Type>return value</Type>
<Scope></Scope>
<IOProtocol>ap_ctrl_hs</IOProtocol>
<IOConfig></IOConfig>
<Dir>in</Dir>
<Bits>1</Bits>
<Attribute>control</Attribute>
</RtlPorts>
<RtlPorts>
<name>ap_done</name>
<Object>dut</Object>
<Type>return value</Type>
<Scope></Scope>
<IOProtocol>ap_ctrl_hs</IOProtocol>
<IOConfig></IOConfig>
<Dir>out</Dir>
<Bits>1</Bits>
<Attribute>control</Attribute>
</RtlPorts>
<RtlPorts>
<name>ap_idle</name>
<Object>dut</Object>
<Type>return value</Type>
<Scope></Scope>
<IOProtocol>ap_ctrl_hs</IOProtocol>
<IOConfig></IOConfig>
<Dir>out</Dir>
<Bits>1</Bits>
<Attribute>control</Attribute>
</RtlPorts>
<RtlPorts>
<name>ap_ready</name>
<Object>dut</Object>
<Type>return value</Type>
<Scope></Scope>
<IOProtocol>ap_ctrl_hs</IOProtocol>
<IOConfig></IOConfig>
<Dir>out</Dir>
<Bits>1</Bits>
<Attribute>control</Attribute>
</RtlPorts>
<RtlPorts>
<name>strm_in_V_V_dout</name>
<Object>strm_in_V_V</Object>
<Type>pointer</Type>
<Scope></Scope>
<IOProtocol>ap_fifo</IOProtocol>
<IOConfig></IOConfig>
<Dir>in</Dir>
<Bits>32</Bits>
<Attribute>data</Attribute>
<CType>int</CType>
</RtlPorts>
<RtlPorts>
<name>strm_in_V_V_empty_n</name>
<Object>strm_in_V_V</Object>
<Type>pointer</Type>
<Scope></Scope>
<IOProtocol>ap_fifo</IOProtocol>
<IOConfig></IOConfig>
<Dir>in</Dir>
<Bits>1</Bits>
<Attribute>control</Attribute>
<CType>int</CType>
</RtlPorts>
<RtlPorts>
<name>strm_in_V_V_read</name>
<Object>strm_in_V_V</Object>
<Type>pointer</Type>
<Scope></Scope>
<IOProtocol>ap_fifo</IOProtocol>
<IOConfig></IOConfig>
<Dir>out</Dir>
<Bits>1</Bits>
<Attribute>control</Attribute>
<CType>int</CType>
</RtlPorts>
<RtlPorts>
<name>strm_out_V_V_din</name>
<Object>strm_out_V_V</Object>
<Type>pointer</Type>
<Scope></Scope>
<IOProtocol>ap_fifo</IOProtocol>
<IOConfig></IOConfig>
<Dir>out</Dir>
<Bits>32</Bits>
<Attribute>data</Attribute>
<CType>int</CType>
</RtlPorts>
<RtlPorts>
<name>strm_out_V_V_full_n</name>
<Object>strm_out_V_V</Object>
<Type>pointer</Type>
<Scope></Scope>
<IOProtocol>ap_fifo</IOProtocol>
<IOConfig></IOConfig>
<Dir>in</Dir>
<Bits>1</Bits>
<Attribute>control</Attribute>
<CType>int</CType>
</RtlPorts>
<RtlPorts>
<name>strm_out_V_V_write</name>
<Object>strm_out_V_V</Object>
<Type>pointer</Type>
<Scope></Scope>
<IOProtocol>ap_fifo</IOProtocol>
<IOConfig></IOConfig>
<Dir>out</Dir>
<Bits>1</Bits>
<Attribute>control</Attribute>
<CType>int</CType>
</RtlPorts>
</InterfaceSummary>
</Module>
</ModuleInformation>

</profile>
