<stg><name>dut_top</name>


<trans_list>

<trans id="179" from="1" to="2">
<condition id="38">
<or_exp><and_exp></and_exp></or_exp>
</condition>
</trans>

<trans id="180" from="2" to="5">
<condition id="40">
<or_exp><and_exp><literal name="exitcond1" val="1"/>
</and_exp></or_exp>
</condition>
</trans>

<trans id="181" from="2" to="3">
<condition id="42">
<or_exp><and_exp><literal name="exitcond1" val="0"/>
</and_exp></or_exp>
</condition>
</trans>

<trans id="182" from="3" to="4">
<condition id="43">
<or_exp><and_exp><literal name="exitcond3" val="0"/>
</and_exp></or_exp>
</condition>
</trans>

<trans id="185" from="3" to="2">
<condition id="48">
<or_exp><and_exp><literal name="exitcond3" val="1"/>
</and_exp></or_exp>
</condition>
</trans>

<trans id="184" from="4" to="3">
<condition id="46">
<or_exp><and_exp></and_exp></or_exp>
</condition>
</trans>

<trans id="186" from="5" to="11">
<condition id="49">
<or_exp><and_exp><literal name="exitcond2" val="1"/>
</and_exp></or_exp>
</condition>
</trans>

<trans id="187" from="5" to="6">
<condition id="51">
<or_exp><and_exp><literal name="exitcond2" val="0"/>
</and_exp></or_exp>
</condition>
</trans>

<trans id="188" from="6" to="7">
<condition id="53">
<or_exp><and_exp><literal name="exitcond4" val="0"/>
</and_exp></or_exp>
</condition>
</trans>

<trans id="197" from="6" to="5">
<condition id="69">
<or_exp><and_exp><literal name="exitcond4" val="1"/>
</and_exp></or_exp>
</condition>
</trans>

<trans id="189" from="7" to="8">
<condition id="55">
<or_exp><and_exp><literal name="exitcond5" val="0"/>
</and_exp></or_exp>
</condition>
</trans>

<trans id="196" from="7" to="6">
<condition id="67">
<or_exp><and_exp><literal name="exitcond5" val="1"/>
</and_exp></or_exp>
</condition>
</trans>

<trans id="190" from="8" to="9">
<condition id="57">
<or_exp><and_exp><literal name="exitcond6" val="0"/>
</and_exp></or_exp>
</condition>
</trans>

<trans id="195" from="8" to="7">
<condition id="65">
<or_exp><and_exp><literal name="exitcond6" val="1"/>
</and_exp></or_exp>
</condition>
</trans>

<trans id="191" from="9" to="10">
<condition id="58">
<or_exp><and_exp><literal name="exitcond" val="0"/>
</and_exp></or_exp>
</condition>
</trans>

<trans id="194" from="9" to="8">
<condition id="63">
<or_exp><and_exp><literal name="exitcond" val="1"/>
</and_exp></or_exp>
</condition>
</trans>

<trans id="193" from="10" to="9">
<condition id="61">
<or_exp><and_exp></and_exp></or_exp>
</condition>
</trans>
</trans_list>



<state_list>

<state id="1" st_id="1">

<operation id="12" st_id="1" stage="1" lat="1">
<core>NULL</core>
<MemPortIdVec></MemPortIdVec>
<condition id="0">
<or_exp><and_exp></and_exp></or_exp>
</condition>

<node id="4" bw="12" op_0_bw="6" op_1_bw="64" op_2_bw="64">
<![CDATA[
:0  %v2_0_V_addr = getelementptr [4096 x i6]* %v2_0_V, i64 0, i64 0

]]></node>
<StgValue><ssdm name="v2_0_V_addr"/></StgValue>
</operation>

<operation id="13" st_id="1" stage="1" lat="1">
<core>RAM</core>
<MemPortIdVec></MemPortIdVec>
<condition id="0">
<or_exp><and_exp></and_exp></or_exp>
</condition>

<node id="5" bw="1" op_0_bw="64">
<![CDATA[
:1  %conv1_pad_0_0 = alloca [324 x i1], align 1

]]></node>
<StgValue><ssdm name="conv1_pad_0_0"/><MemPortTyVec>2 3 </MemPortTyVec>
</StgValue>
</operation>

<operation id="14" st_id="1" stage="1" lat="1">
<core>NULL</core>
<MemPortIdVec></MemPortIdVec>
<condition id="0">
<or_exp><and_exp></and_exp></or_exp>
</condition>

<node id="6" bw="0" op_0_bw="0">
<![CDATA[
:2  br label %1

]]></node>
<StgValue><ssdm name=""/></StgValue>
</operation>
</state>

<state id="2" st_id="2">

<operation id="15" st_id="2" stage="1" lat="1">
<core>NULL</core>
<MemPortIdVec></MemPortIdVec>
<condition id="1">
<or_exp><and_exp></and_exp></or_exp>
</condition>

<node id="8" bw="5" op_0_bw="5" op_1_bw="0">
<![CDATA[
:0  %hh = phi i5 [ 0, %0 ], [ %hh_1, %4 ]

]]></node>
<StgValue><ssdm name="hh"/></StgValue>
</operation>

<operation id="16" st_id="2" stage="1" lat="1">
<core>NULL</core>
<MemPortIdVec></MemPortIdVec>
<condition id="1">
<or_exp><and_exp></and_exp></or_exp>
</condition>

<node id="9" bw="6" op_0_bw="5">
<![CDATA[
:1  %hh_cast = zext i5 %hh to i6

]]></node>
<StgValue><ssdm name="hh_cast"/></StgValue>
</operation>

<operation id="17" st_id="2" stage="1" lat="1">
<core>Cmp</core>
<MemPortIdVec></MemPortIdVec>
<condition id="1">
<or_exp><and_exp></and_exp></or_exp>
</condition>

<node id="10" bw="1" op_0_bw="5" op_1_bw="5">
<![CDATA[
:2  %exitcond1 = icmp eq i5 %hh, -14

]]></node>
<StgValue><ssdm name="exitcond1"/></StgValue>
</operation>

<operation id="18" st_id="2" stage="1" lat="1">
<core>NULL</core>
<MemPortIdVec></MemPortIdVec>
<condition id="1">
<or_exp><and_exp></and_exp></or_exp>
</condition>

<node id="11" bw="32" op_0_bw="32" op_1_bw="64" op_2_bw="64" op_3_bw="64">
<![CDATA[
:3  %empty = call i32 (...)* @_ssdm_op_SpecLoopTripCount(i64 18, i64 18, i64 18)

]]></node>
<StgValue><ssdm name="empty"/></StgValue>
</operation>

<operation id="19" st_id="2" stage="1" lat="1">
<core>AddSub</core>
<MemPortIdVec></MemPortIdVec>
<condition id="1">
<or_exp><and_exp></and_exp></or_exp>
</condition>

<node id="12" bw="5" op_0_bw="5" op_1_bw="5">
<![CDATA[
:4  %hh_1 = add i5 %hh, 1

]]></node>
<StgValue><ssdm name="hh_1"/></StgValue>
</operation>

<operation id="20" st_id="2" stage="1" lat="1">
<core>NULL</core>
<MemPortIdVec></MemPortIdVec>
<condition id="1">
<or_exp><and_exp></and_exp></or_exp>
</condition>

<node id="13" bw="0" op_0_bw="1" op_1_bw="0" op_2_bw="0">
<![CDATA[
:5  br i1 %exitcond1, label %.preheader, label %2

]]></node>
<StgValue><ssdm name=""/></StgValue>
</operation>

<operation id="21" st_id="2" stage="1" lat="1">
<core>NULL</core>
<MemPortIdVec></MemPortIdVec>
<condition id="3">
<or_exp><and_exp><literal name="exitcond1" val="0"/>
</and_exp></or_exp>
</condition>

<node id="15" bw="0" op_0_bw="0" op_1_bw="0">
<![CDATA[
:0  call void (...)* @_ssdm_op_SpecLoopName([5 x i8]* @p_str1806) nounwind

]]></node>
<StgValue><ssdm name=""/></StgValue>
</operation>

<operation id="22" st_id="2" stage="1" lat="1">
<core>NULL</core>
<MemPortIdVec></MemPortIdVec>
<condition id="3">
<or_exp><and_exp><literal name="exitcond1" val="0"/>
</and_exp></or_exp>
</condition>

<node id="16" bw="32" op_0_bw="32" op_1_bw="0">
<![CDATA[
:1  %tmp_4 = call i32 (...)* @_ssdm_op_SpecRegionBegin([5 x i8]* @p_str1806)

]]></node>
<StgValue><ssdm name="tmp_4"/></StgValue>
</operation>

<operation id="23" st_id="2" stage="1" lat="1">
<core>Cmp</core>
<MemPortIdVec></MemPortIdVec>
<condition id="3">
<or_exp><and_exp><literal name="exitcond1" val="0"/>
</and_exp></or_exp>
</condition>

<node id="17" bw="1" op_0_bw="5" op_1_bw="5">
<![CDATA[
:2  %tmp = icmp ne i5 %hh, 0

]]></node>
<StgValue><ssdm name="tmp"/></StgValue>
</operation>

<operation id="24" st_id="2" stage="1" lat="1">
<core>AddSub</core>
<MemPortIdVec></MemPortIdVec>
<condition id="3">
<or_exp><and_exp><literal name="exitcond1" val="0"/>
</and_exp></or_exp>
</condition>

<node id="18" bw="6" op_0_bw="6" op_1_bw="6">
<![CDATA[
:3  %tmp_1 = sub i6 16, %hh_cast

]]></node>
<StgValue><ssdm name="tmp_1"/></StgValue>
</operation>

<operation id="25" st_id="2" stage="1" lat="1">
<core>NULL</core>
<MemPortIdVec></MemPortIdVec>
<condition id="3">
<or_exp><and_exp><literal name="exitcond1" val="0"/>
</and_exp></or_exp>
</condition>

<node id="19" bw="1" op_0_bw="1" op_1_bw="6" op_2_bw="32">
<![CDATA[
:4  %tmp_2 = call i1 @_ssdm_op_BitSelect.i1.i6.i32(i6 %tmp_1, i32 5)

]]></node>
<StgValue><ssdm name="tmp_2"/></StgValue>
</operation>

<operation id="26" st_id="2" stage="1" lat="1">
<core>LogicGate</core>
<MemPortIdVec></MemPortIdVec>
<condition id="3">
<or_exp><and_exp><literal name="exitcond1" val="0"/>
</and_exp></or_exp>
</condition>

<node id="20" bw="1" op_0_bw="1" op_1_bw="1">
<![CDATA[
:5  %rev = xor i1 %tmp_2, true

]]></node>
<StgValue><ssdm name="rev"/></StgValue>
</operation>

<operation id="27" st_id="2" stage="1" lat="1">
<core>AddSub</core>
<MemPortIdVec></MemPortIdVec>
<condition id="3">
<or_exp><and_exp><literal name="exitcond1" val="0"/>
</and_exp></or_exp>
</condition>

<node id="21" bw="6" op_0_bw="6" op_1_bw="6">
<![CDATA[
:6  %tmp_3 = add i6 %hh_cast, -1

]]></node>
<StgValue><ssdm name="tmp_3"/></StgValue>
</operation>

<operation id="28" st_id="2" stage="1" lat="1">
<core>NULL</core>
<MemPortIdVec></MemPortIdVec>
<condition id="3">
<or_exp><and_exp><literal name="exitcond1" val="0"/>
</and_exp></or_exp>
</condition>

<node id="22" bw="10" op_0_bw="10" op_1_bw="6" op_2_bw="4">
<![CDATA[
:7  %tmp_5 = call i10 @_ssdm_op_BitConcatenate.i10.i6.i4(i6 %tmp_3, i4 0)

]]></node>
<StgValue><ssdm name="tmp_5"/></StgValue>
</operation>

<operation id="29" st_id="2" stage="1" lat="1">
<core>NULL</core>
<MemPortIdVec></MemPortIdVec>
<condition id="3">
<or_exp><and_exp><literal name="exitcond1" val="0"/>
</and_exp></or_exp>
</condition>

<node id="23" bw="9" op_0_bw="9" op_1_bw="5" op_2_bw="4">
<![CDATA[
:8  %tmp_s = call i9 @_ssdm_op_BitConcatenate.i9.i5.i4(i5 %hh, i4 0)

]]></node>
<StgValue><ssdm name="tmp_s"/></StgValue>
</operation>

<operation id="30" st_id="2" stage="1" lat="1">
<core>NULL</core>
<MemPortIdVec></MemPortIdVec>
<condition id="3">
<or_exp><and_exp><literal name="exitcond1" val="0"/>
</and_exp></or_exp>
</condition>

<node id="24" bw="10" op_0_bw="9">
<![CDATA[
:9  %p_shl_cast = zext i9 %tmp_s to i10

]]></node>
<StgValue><ssdm name="p_shl_cast"/></StgValue>
</operation>

<operation id="31" st_id="2" stage="1" lat="1">
<core>NULL</core>
<MemPortIdVec></MemPortIdVec>
<condition id="3">
<or_exp><and_exp><literal name="exitcond1" val="0"/>
</and_exp></or_exp>
</condition>

<node id="25" bw="6" op_0_bw="6" op_1_bw="5" op_2_bw="1">
<![CDATA[
:10  %tmp_6 = call i6 @_ssdm_op_BitConcatenate.i6.i5.i1(i5 %hh, i1 false)

]]></node>
<StgValue><ssdm name="tmp_6"/></StgValue>
</operation>

<operation id="32" st_id="2" stage="1" lat="1">
<core>NULL</core>
<MemPortIdVec></MemPortIdVec>
<condition id="3">
<or_exp><and_exp><literal name="exitcond1" val="0"/>
</and_exp></or_exp>
</condition>

<node id="26" bw="10" op_0_bw="6">
<![CDATA[
:11  %p_shl1_cast = zext i6 %tmp_6 to i10

]]></node>
<StgValue><ssdm name="p_shl1_cast"/></StgValue>
</operation>

<operation id="33" st_id="2" stage="1" lat="1">
<core>AddSub</core>
<MemPortIdVec></MemPortIdVec>
<condition id="3">
<or_exp><and_exp><literal name="exitcond1" val="0"/>
</and_exp></or_exp>
</condition>

<node id="27" bw="10" op_0_bw="10" op_1_bw="10">
<![CDATA[
:12  %tmp_10 = add i10 %p_shl1_cast, %p_shl_cast

]]></node>
<StgValue><ssdm name="tmp_10"/></StgValue>
</operation>

<operation id="34" st_id="2" stage="1" lat="1">
<core>LogicGate</core>
<MemPortIdVec></MemPortIdVec>
<condition id="3">
<or_exp><and_exp><literal name="exitcond1" val="0"/>
</and_exp></or_exp>
</condition>

<node id="28" bw="1" op_0_bw="1" op_1_bw="1">
<![CDATA[
:13  %tmp6 = and i1 %tmp, %rev

]]></node>
<StgValue><ssdm name="tmp6"/></StgValue>
</operation>

<operation id="35" st_id="2" stage="1" lat="1">
<core>NULL</core>
<MemPortIdVec></MemPortIdVec>
<condition id="3">
<or_exp><and_exp><literal name="exitcond1" val="0"/>
</and_exp></or_exp>
</condition>

<node id="29" bw="0" op_0_bw="0">
<![CDATA[
:14  br label %3

]]></node>
<StgValue><ssdm name=""/></StgValue>
</operation>
</state>

<state id="3" st_id="3">

<operation id="36" st_id="3" stage="1" lat="1">
<core>NULL</core>
<MemPortIdVec></MemPortIdVec>
<condition id="4">
<or_exp><and_exp></and_exp></or_exp>
</condition>

<node id="31" bw="5" op_0_bw="5" op_1_bw="0">
<![CDATA[
:0  %ww = phi i5 [ 0, %2 ], [ %ww_1, %_ifconv ]

]]></node>
<StgValue><ssdm name="ww"/></StgValue>
</operation>

<operation id="37" st_id="3" stage="1" lat="1">
<core>NULL</core>
<MemPortIdVec></MemPortIdVec>
<condition id="4">
<or_exp><and_exp></and_exp></or_exp>
</condition>

<node id="32" bw="6" op_0_bw="5">
<![CDATA[
:1  %ww_cast = zext i5 %ww to i6

]]></node>
<StgValue><ssdm name="ww_cast"/></StgValue>
</operation>

<operation id="38" st_id="3" stage="1" lat="1">
<core>Cmp</core>
<MemPortIdVec></MemPortIdVec>
<condition id="4">
<or_exp><and_exp></and_exp></or_exp>
</condition>

<node id="33" bw="1" op_0_bw="5" op_1_bw="5">
<![CDATA[
:2  %exitcond3 = icmp eq i5 %ww, -14

]]></node>
<StgValue><ssdm name="exitcond3"/></StgValue>
</operation>

<operation id="39" st_id="3" stage="1" lat="1">
<core>NULL</core>
<MemPortIdVec></MemPortIdVec>
<condition id="4">
<or_exp><and_exp></and_exp></or_exp>
</condition>

<node id="34" bw="32" op_0_bw="32" op_1_bw="64" op_2_bw="64" op_3_bw="64">
<![CDATA[
:3  %empty_6 = call i32 (...)* @_ssdm_op_SpecLoopTripCount(i64 18, i64 18, i64 18)

]]></node>
<StgValue><ssdm name="empty_6"/></StgValue>
</operation>

<operation id="40" st_id="3" stage="1" lat="1">
<core>AddSub</core>
<MemPortIdVec></MemPortIdVec>
<condition id="4">
<or_exp><and_exp></and_exp></or_exp>
</condition>

<node id="35" bw="5" op_0_bw="5" op_1_bw="5">
<![CDATA[
:4  %ww_1 = add i5 %ww, 1

]]></node>
<StgValue><ssdm name="ww_1"/></StgValue>
</operation>

<operation id="41" st_id="3" stage="1" lat="1">
<core>NULL</core>
<MemPortIdVec></MemPortIdVec>
<condition id="4">
<or_exp><and_exp></and_exp></or_exp>
</condition>

<node id="36" bw="0" op_0_bw="1" op_1_bw="0" op_2_bw="0">
<![CDATA[
:5  br i1 %exitcond3, label %4, label %_ifconv

]]></node>
<StgValue><ssdm name=""/></StgValue>
</operation>

<operation id="42" st_id="3" stage="1" lat="1">
<core>Cmp</core>
<MemPortIdVec></MemPortIdVec>
<condition id="6">
<or_exp><and_exp><literal name="exitcond3" val="0"/>
</and_exp></or_exp>
</condition>

<node id="39" bw="1" op_0_bw="5" op_1_bw="5">
<![CDATA[
_ifconv:1  %tmp_8 = icmp ne i5 %ww, 0

]]></node>
<StgValue><ssdm name="tmp_8"/></StgValue>
</operation>

<operation id="43" st_id="3" stage="1" lat="1">
<core>AddSub</core>
<MemPortIdVec></MemPortIdVec>
<condition id="6">
<or_exp><and_exp><literal name="exitcond3" val="0"/>
</and_exp></or_exp>
</condition>

<node id="43" bw="6" op_0_bw="6" op_1_bw="6">
<![CDATA[
_ifconv:5  %tmp_7 = add i6 %ww_cast, -1

]]></node>
<StgValue><ssdm name="tmp_7"/></StgValue>
</operation>

<operation id="44" st_id="3" stage="1" lat="1">
<core>NULL</core>
<MemPortIdVec></MemPortIdVec>
<condition id="6">
<or_exp><and_exp><literal name="exitcond3" val="0"/>
</and_exp></or_exp>
</condition>

<node id="44" bw="10" op_0_bw="6">
<![CDATA[
_ifconv:6  %tmp_10_cast = sext i6 %tmp_7 to i10

]]></node>
<StgValue><ssdm name="tmp_10_cast"/></StgValue>
</operation>

<operation id="45" st_id="3" stage="1" lat="1">
<core>AddSub</core>
<MemPortIdVec></MemPortIdVec>
<condition id="6">
<or_exp><and_exp><literal name="exitcond3" val="0"/>
</and_exp></or_exp>
</condition>

<node id="45" bw="10" op_0_bw="10" op_1_bw="10">
<![CDATA[
_ifconv:7  %tmp_20 = add i10 %tmp_10_cast, %tmp_5

]]></node>
<StgValue><ssdm name="tmp_20"/></StgValue>
</operation>

<operation id="46" st_id="3" stage="1" lat="1">
<core>NULL</core>
<MemPortIdVec></MemPortIdVec>
<condition id="6">
<or_exp><and_exp><literal name="exitcond3" val="0"/>
</and_exp></or_exp>
</condition>

<node id="46" bw="64" op_0_bw="10">
<![CDATA[
_ifconv:8  %tmp_35_cast = sext i10 %tmp_20 to i64

]]></node>
<StgValue><ssdm name="tmp_35_cast"/></StgValue>
</operation>

<operation id="47" st_id="3" stage="1" lat="1">
<core>NULL</core>
<MemPortIdVec></MemPortIdVec>
<condition id="6">
<or_exp><and_exp><literal name="exitcond3" val="0"/>
</and_exp></or_exp>
</condition>

<node id="47" bw="8" op_0_bw="1" op_1_bw="64" op_2_bw="64">
<![CDATA[
_ifconv:9  %v0_addr = getelementptr [256 x i1]* %v0, i64 0, i64 %tmp_35_cast

]]></node>
<StgValue><ssdm name="v0_addr"/></StgValue>
</operation>

<operation id="48" st_id="3" stage="2" lat="2">
<core>RAM</core>
<MemPortIdVec>0 </MemPortIdVec>
<condition id="6">
<or_exp><and_exp><literal name="exitcond3" val="0"/>
</and_exp></or_exp>
</condition>

<node id="48" bw="1" op_0_bw="8">
<![CDATA[
_ifconv:10  %v7 = load i1* %v0_addr, align 1

]]></node>
<StgValue><ssdm name="v7"/></StgValue>
</operation>

<operation id="49" st_id="3" stage="1" lat="1">
<core>NULL</core>
<MemPortIdVec></MemPortIdVec>
<condition id="6">
<or_exp><and_exp><literal name="exitcond3" val="0"/>
</and_exp></or_exp>
</condition>

<node id="52" bw="10" op_0_bw="5">
<![CDATA[
_ifconv:14  %tmp_11_cast = zext i5 %ww to i10

]]></node>
<StgValue><ssdm name="tmp_11_cast"/></StgValue>
</operation>

<operation id="50" st_id="3" stage="1" lat="1">
<core>AddSub</core>
<MemPortIdVec></MemPortIdVec>
<condition id="6">
<or_exp><and_exp><literal name="exitcond3" val="0"/>
</and_exp></or_exp>
</condition>

<node id="53" bw="10" op_0_bw="10" op_1_bw="10">
<![CDATA[
_ifconv:15  %tmp_23 = add i10 %tmp_11_cast, %tmp_10

]]></node>
<StgValue><ssdm name="tmp_23"/></StgValue>
</operation>

<operation id="51" st_id="3" stage="1" lat="1">
<core>NULL</core>
<MemPortIdVec></MemPortIdVec>
<condition id="8">
<or_exp><and_exp><literal name="exitcond3" val="1"/>
</and_exp></or_exp>
</condition>

<node id="59" bw="32" op_0_bw="32" op_1_bw="0" op_2_bw="32">
<![CDATA[
:0  %empty_7 = call i32 (...)* @_ssdm_op_SpecRegionEnd([5 x i8]* @p_str1806, i32 %tmp_4)

]]></node>
<StgValue><ssdm name="empty_7"/></StgValue>
</operation>

<operation id="52" st_id="3" stage="1" lat="1">
<core>NULL</core>
<MemPortIdVec></MemPortIdVec>
<condition id="8">
<or_exp><and_exp><literal name="exitcond3" val="1"/>
</and_exp></or_exp>
</condition>

<node id="60" bw="0" op_0_bw="0">
<![CDATA[
:1  br label %1

]]></node>
<StgValue><ssdm name=""/></StgValue>
</operation>
</state>

<state id="4" st_id="4">

<operation id="53" st_id="4" stage="1" lat="1">
<core>NULL</core>
<MemPortIdVec></MemPortIdVec>
<condition id="9">
<or_exp><and_exp></and_exp></or_exp>
</condition>

<node id="38" bw="0" op_0_bw="0" op_1_bw="0">
<![CDATA[
_ifconv:0  call void (...)* @_ssdm_op_SpecLoopName([5 x i8]* @p_str1807) nounwind

]]></node>
<StgValue><ssdm name=""/></StgValue>
</operation>

<operation id="54" st_id="4" stage="1" lat="1">
<core>AddSub</core>
<MemPortIdVec></MemPortIdVec>
<condition id="9">
<or_exp><and_exp></and_exp></or_exp>
</condition>

<node id="40" bw="6" op_0_bw="6" op_1_bw="6">
<![CDATA[
_ifconv:2  %tmp_9 = sub i6 16, %ww_cast

]]></node>
<StgValue><ssdm name="tmp_9"/></StgValue>
</operation>

<operation id="55" st_id="4" stage="1" lat="1">
<core>NULL</core>
<MemPortIdVec></MemPortIdVec>
<condition id="9">
<or_exp><and_exp></and_exp></or_exp>
</condition>

<node id="41" bw="1" op_0_bw="1" op_1_bw="6" op_2_bw="32">
<![CDATA[
_ifconv:3  %tmp_18 = call i1 @_ssdm_op_BitSelect.i1.i6.i32(i6 %tmp_9, i32 5)

]]></node>
<StgValue><ssdm name="tmp_18"/></StgValue>
</operation>

<operation id="56" st_id="4" stage="1" lat="1">
<core>LogicGate</core>
<MemPortIdVec></MemPortIdVec>
<condition id="9">
<or_exp><and_exp></and_exp></or_exp>
</condition>

<node id="42" bw="1" op_0_bw="1" op_1_bw="1">
<![CDATA[
_ifconv:4  %rev9 = xor i1 %tmp_18, true

]]></node>
<StgValue><ssdm name="rev9"/></StgValue>
</operation>

<operation id="57" st_id="4" stage="1" lat="2">
<core>RAM</core>
<MemPortIdVec>0 </MemPortIdVec>
<condition id="9">
<or_exp><and_exp></and_exp></or_exp>
</condition>

<node id="48" bw="1" op_0_bw="8">
<![CDATA[
_ifconv:10  %v7 = load i1* %v0_addr, align 1

]]></node>
<StgValue><ssdm name="v7"/></StgValue>
</operation>

<operation id="58" st_id="4" stage="1" lat="1">
<core>LogicGate</core>
<MemPortIdVec></MemPortIdVec>
<condition id="9">
<or_exp><and_exp></and_exp></or_exp>
</condition>

<node id="49" bw="1" op_0_bw="1" op_1_bw="1">
<![CDATA[
_ifconv:11  %tmp4 = and i1 %v7, %tmp_8

]]></node>
<StgValue><ssdm name="tmp4"/></StgValue>
</operation>

<operation id="59" st_id="4" stage="1" lat="1">
<core>LogicGate</core>
<MemPortIdVec></MemPortIdVec>
<condition id="9">
<or_exp><and_exp></and_exp></or_exp>
</condition>

<node id="50" bw="1" op_0_bw="1" op_1_bw="1">
<![CDATA[
_ifconv:12  %tmp5 = and i1 %tmp6, %rev9

]]></node>
<StgValue><ssdm name="tmp5"/></StgValue>
</operation>

<operation id="60" st_id="4" stage="1" lat="1">
<core>LogicGate</core>
<MemPortIdVec></MemPortIdVec>
<condition id="9">
<or_exp><and_exp></and_exp></or_exp>
</condition>

<node id="51" bw="1" op_0_bw="1" op_1_bw="1">
<![CDATA[
_ifconv:13  %v = and i1 %tmp5, %tmp4

]]></node>
<StgValue><ssdm name="v"/></StgValue>
</operation>

<operation id="61" st_id="4" stage="1" lat="1">
<core>NULL</core>
<MemPortIdVec></MemPortIdVec>
<condition id="9">
<or_exp><and_exp></and_exp></or_exp>
</condition>

<node id="54" bw="64" op_0_bw="10">
<![CDATA[
_ifconv:16  %tmp_36_cast = zext i10 %tmp_23 to i64

]]></node>
<StgValue><ssdm name="tmp_36_cast"/></StgValue>
</operation>

<operation id="62" st_id="4" stage="1" lat="1">
<core>NULL</core>
<MemPortIdVec></MemPortIdVec>
<condition id="9">
<or_exp><and_exp></and_exp></or_exp>
</condition>

<node id="55" bw="9" op_0_bw="1" op_1_bw="64" op_2_bw="64">
<![CDATA[
_ifconv:17  %conv1_pad_0_0_addr = getelementptr [324 x i1]* %conv1_pad_0_0, i64 0, i64 %tmp_36_cast

]]></node>
<StgValue><ssdm name="conv1_pad_0_0_addr"/></StgValue>
</operation>

<operation id="63" st_id="4" stage="1" lat="1">
<core>RAM</core>
<MemPortIdVec>0 </MemPortIdVec>
<condition id="9">
<or_exp><and_exp></and_exp></or_exp>
</condition>

<node id="56" bw="0" op_0_bw="1" op_1_bw="9">
<![CDATA[
_ifconv:18  store i1 %v, i1* %conv1_pad_0_0_addr, align 1

]]></node>
<StgValue><ssdm name=""/></StgValue>
</operation>

<operation id="64" st_id="4" stage="1" lat="1">
<core>NULL</core>
<MemPortIdVec></MemPortIdVec>
<condition id="9">
<or_exp><and_exp></and_exp></or_exp>
</condition>

<node id="57" bw="0" op_0_bw="0">
<![CDATA[
_ifconv:19  br label %3

]]></node>
<StgValue><ssdm name=""/></StgValue>
</operation>
</state>

<state id="5" st_id="5">

<operation id="65" st_id="5" stage="1" lat="1">
<core>NULL</core>
<MemPortIdVec></MemPortIdVec>
<condition id="10">
<or_exp><and_exp></and_exp></or_exp>
</condition>

<node id="62" bw="5" op_0_bw="5" op_1_bw="0">
<![CDATA[
.preheader:0  %ff = phi i5 [ %ff_1, %16 ], [ 0, %1 ]

]]></node>
<StgValue><ssdm name="ff"/></StgValue>
</operation>

<operation id="66" st_id="5" stage="1" lat="1">
<core>Cmp</core>
<MemPortIdVec></MemPortIdVec>
<condition id="10">
<or_exp><and_exp></and_exp></or_exp>
</condition>

<node id="63" bw="1" op_0_bw="5" op_1_bw="5">
<![CDATA[
.preheader:1  %exitcond2 = icmp eq i5 %ff, -16

]]></node>
<StgValue><ssdm name="exitcond2"/></StgValue>
</operation>

<operation id="67" st_id="5" stage="1" lat="1">
<core>NULL</core>
<MemPortIdVec></MemPortIdVec>
<condition id="10">
<or_exp><and_exp></and_exp></or_exp>
</condition>

<node id="64" bw="32" op_0_bw="32" op_1_bw="64" op_2_bw="64" op_3_bw="64">
<![CDATA[
.preheader:2  %empty_8 = call i32 (...)* @_ssdm_op_SpecLoopTripCount(i64 16, i64 16, i64 16)

]]></node>
<StgValue><ssdm name="empty_8"/></StgValue>
</operation>

<operation id="68" st_id="5" stage="1" lat="1">
<core>AddSub</core>
<MemPortIdVec></MemPortIdVec>
<condition id="10">
<or_exp><and_exp></and_exp></or_exp>
</condition>

<node id="65" bw="5" op_0_bw="5" op_1_bw="5">
<![CDATA[
.preheader:3  %ff_1 = add i5 %ff, 1

]]></node>
<StgValue><ssdm name="ff_1"/></StgValue>
</operation>

<operation id="69" st_id="5" stage="1" lat="1">
<core>NULL</core>
<MemPortIdVec></MemPortIdVec>
<condition id="10">
<or_exp><and_exp></and_exp></or_exp>
</condition>

<node id="66" bw="0" op_0_bw="1" op_1_bw="0" op_2_bw="0">
<![CDATA[
.preheader:4  br i1 %exitcond2, label %17, label %5

]]></node>
<StgValue><ssdm name=""/></StgValue>
</operation>

<operation id="70" st_id="5" stage="1" lat="1">
<core>NULL</core>
<MemPortIdVec></MemPortIdVec>
<condition id="12">
<or_exp><and_exp><literal name="exitcond2" val="0"/>
</and_exp></or_exp>
</condition>

<node id="68" bw="0" op_0_bw="0" op_1_bw="0">
<![CDATA[
:0  call void (...)* @_ssdm_op_SpecLoopName([5 x i8]* @p_str1808) nounwind

]]></node>
<StgValue><ssdm name=""/></StgValue>
</operation>

<operation id="71" st_id="5" stage="1" lat="1">
<core>NULL</core>
<MemPortIdVec></MemPortIdVec>
<condition id="12">
<or_exp><and_exp><literal name="exitcond2" val="0"/>
</and_exp></or_exp>
</condition>

<node id="69" bw="32" op_0_bw="32" op_1_bw="0">
<![CDATA[
:1  %tmp_11 = call i32 (...)* @_ssdm_op_SpecRegionBegin([5 x i8]* @p_str1808)

]]></node>
<StgValue><ssdm name="tmp_11"/></StgValue>
</operation>

<operation id="72" st_id="5" stage="1" lat="1">
<core>NULL</core>
<MemPortIdVec></MemPortIdVec>
<condition id="12">
<or_exp><and_exp><literal name="exitcond2" val="0"/>
</and_exp></or_exp>
</condition>

<node id="70" bw="8" op_0_bw="5">
<![CDATA[
:2  %tmp_6_cast = zext i5 %ff to i8

]]></node>
<StgValue><ssdm name="tmp_6_cast"/></StgValue>
</operation>

<operation id="73" st_id="5" stage="1" lat="1">
<core>NULL</core>
<MemPortIdVec></MemPortIdVec>
<condition id="12">
<or_exp><and_exp><literal name="exitcond2" val="0"/>
</and_exp></or_exp>
</condition>

<node id="71" bw="9" op_0_bw="9" op_1_bw="5" op_2_bw="4">
<![CDATA[
:3  %tmp_12 = call i9 @_ssdm_op_BitConcatenate.i9.i5.i4(i5 %ff, i4 0)

]]></node>
<StgValue><ssdm name="tmp_12"/></StgValue>
</operation>

<operation id="74" st_id="5" stage="1" lat="1">
<core>NULL</core>
<MemPortIdVec></MemPortIdVec>
<condition id="12">
<or_exp><and_exp><literal name="exitcond2" val="0"/>
</and_exp></or_exp>
</condition>

<node id="72" bw="10" op_0_bw="9">
<![CDATA[
:4  %tmp_32_cast = zext i9 %tmp_12 to i10

]]></node>
<StgValue><ssdm name="tmp_32_cast"/></StgValue>
</operation>

<operation id="75" st_id="5" stage="1" lat="1">
<core>NULL</core>
<MemPortIdVec></MemPortIdVec>
<condition id="12">
<or_exp><and_exp><literal name="exitcond2" val="0"/>
</and_exp></or_exp>
</condition>

<node id="73" bw="7" op_0_bw="7" op_1_bw="5" op_2_bw="2">
<![CDATA[
:5  %tmp_13 = call i7 @_ssdm_op_BitConcatenate.i7.i5.i2(i5 %ff, i2 0)

]]></node>
<StgValue><ssdm name="tmp_13"/></StgValue>
</operation>

<operation id="76" st_id="5" stage="1" lat="1">
<core>NULL</core>
<MemPortIdVec></MemPortIdVec>
<condition id="12">
<or_exp><and_exp><literal name="exitcond2" val="0"/>
</and_exp></or_exp>
</condition>

<node id="74" bw="8" op_0_bw="7">
<![CDATA[
:6  %p_shl2_cast = zext i7 %tmp_13 to i8

]]></node>
<StgValue><ssdm name="p_shl2_cast"/></StgValue>
</operation>

<operation id="77" st_id="5" stage="1" lat="1">
<core>AddSub</core>
<MemPortIdVec></MemPortIdVec>
<condition id="12">
<or_exp><and_exp><literal name="exitcond2" val="0"/>
</and_exp></or_exp>
</condition>

<node id="75" bw="8" op_0_bw="8" op_1_bw="8">
<![CDATA[
:7  %tmp_17 = sub i8 %p_shl2_cast, %tmp_6_cast

]]></node>
<StgValue><ssdm name="tmp_17"/></StgValue>
</operation>

<operation id="78" st_id="5" stage="1" lat="1">
<core>NULL</core>
<MemPortIdVec></MemPortIdVec>
<condition id="12">
<or_exp><and_exp><literal name="exitcond2" val="0"/>
</and_exp></or_exp>
</condition>

<node id="76" bw="9" op_0_bw="8">
<![CDATA[
:8  %tmp_34_cast = sext i8 %tmp_17 to i9

]]></node>
<StgValue><ssdm name="tmp_34_cast"/></StgValue>
</operation>

<operation id="79" st_id="5" stage="1" lat="1">
<core>NULL</core>
<MemPortIdVec></MemPortIdVec>
<condition id="12">
<or_exp><and_exp><literal name="exitcond2" val="0"/>
</and_exp></or_exp>
</condition>

<node id="77" bw="0" op_0_bw="0">
<![CDATA[
:9  br label %6

]]></node>
<StgValue><ssdm name=""/></StgValue>
</operation>

<operation id="80" st_id="5" stage="2" lat="2">
<core>RAM</core>
<MemPortIdVec>0 </MemPortIdVec>
<condition id="14">
<or_exp><and_exp><literal name="exitcond2" val="1"/>
</and_exp></or_exp>
</condition>

<node id="185" bw="6" op_0_bw="12">
<![CDATA[
:0  %v2_0_V_load = load i6* %v2_0_V_addr, align 1

]]></node>
<StgValue><ssdm name="v2_0_V_load"/></StgValue>
</operation>
</state>

<state id="6" st_id="6">

<operation id="81" st_id="6" stage="1" lat="1">
<core>NULL</core>
<MemPortIdVec></MemPortIdVec>
<condition id="15">
<or_exp><and_exp></and_exp></or_exp>
</condition>

<node id="79" bw="5" op_0_bw="5" op_1_bw="0">
<![CDATA[
:0  %yy = phi i5 [ 0, %5 ], [ %yy_1, %15 ]

]]></node>
<StgValue><ssdm name="yy"/></StgValue>
</operation>

<operation id="82" st_id="6" stage="1" lat="1">
<core>Cmp</core>
<MemPortIdVec></MemPortIdVec>
<condition id="15">
<or_exp><and_exp></and_exp></or_exp>
</condition>

<node id="80" bw="1" op_0_bw="5" op_1_bw="5">
<![CDATA[
:1  %exitcond4 = icmp eq i5 %yy, -16

]]></node>
<StgValue><ssdm name="exitcond4"/></StgValue>
</operation>

<operation id="83" st_id="6" stage="1" lat="1">
<core>NULL</core>
<MemPortIdVec></MemPortIdVec>
<condition id="15">
<or_exp><and_exp></and_exp></or_exp>
</condition>

<node id="81" bw="32" op_0_bw="32" op_1_bw="64" op_2_bw="64" op_3_bw="64">
<![CDATA[
:2  %empty_9 = call i32 (...)* @_ssdm_op_SpecLoopTripCount(i64 16, i64 16, i64 16)

]]></node>
<StgValue><ssdm name="empty_9"/></StgValue>
</operation>

<operation id="84" st_id="6" stage="1" lat="1">
<core>AddSub</core>
<MemPortIdVec></MemPortIdVec>
<condition id="15">
<or_exp><and_exp></and_exp></or_exp>
</condition>

<node id="82" bw="5" op_0_bw="5" op_1_bw="5">
<![CDATA[
:3  %yy_1 = add i5 %yy, 1

]]></node>
<StgValue><ssdm name="yy_1"/></StgValue>
</operation>

<operation id="85" st_id="6" stage="1" lat="1">
<core>NULL</core>
<MemPortIdVec></MemPortIdVec>
<condition id="15">
<or_exp><and_exp></and_exp></or_exp>
</condition>

<node id="83" bw="0" op_0_bw="1" op_1_bw="0" op_2_bw="0">
<![CDATA[
:4  br i1 %exitcond4, label %16, label %7

]]></node>
<StgValue><ssdm name=""/></StgValue>
</operation>

<operation id="86" st_id="6" stage="1" lat="1">
<core>NULL</core>
<MemPortIdVec></MemPortIdVec>
<condition id="17">
<or_exp><and_exp><literal name="exitcond4" val="0"/>
</and_exp></or_exp>
</condition>

<node id="85" bw="0" op_0_bw="0" op_1_bw="0">
<![CDATA[
:0  call void (...)* @_ssdm_op_SpecLoopName([5 x i8]* @p_str1809) nounwind

]]></node>
<StgValue><ssdm name=""/></StgValue>
</operation>

<operation id="87" st_id="6" stage="1" lat="1">
<core>NULL</core>
<MemPortIdVec></MemPortIdVec>
<condition id="17">
<or_exp><and_exp><literal name="exitcond4" val="0"/>
</and_exp></or_exp>
</condition>

<node id="86" bw="32" op_0_bw="32" op_1_bw="0">
<![CDATA[
:1  %tmp_24 = call i32 (...)* @_ssdm_op_SpecRegionBegin([5 x i8]* @p_str1809)

]]></node>
<StgValue><ssdm name="tmp_24"/></StgValue>
</operation>

<operation id="88" st_id="6" stage="1" lat="1">
<core>NULL</core>
<MemPortIdVec></MemPortIdVec>
<condition id="17">
<or_exp><and_exp><literal name="exitcond4" val="0"/>
</and_exp></or_exp>
</condition>

<node id="87" bw="10" op_0_bw="5">
<![CDATA[
:2  %tmp_12_cast = zext i5 %yy to i10

]]></node>
<StgValue><ssdm name="tmp_12_cast"/></StgValue>
</operation>

<operation id="89" st_id="6" stage="1" lat="1">
<core>AddSub</core>
<MemPortIdVec></MemPortIdVec>
<condition id="17">
<or_exp><and_exp><literal name="exitcond4" val="0"/>
</and_exp></or_exp>
</condition>

<node id="88" bw="10" op_0_bw="10" op_1_bw="10">
<![CDATA[
:3  %tmp_25 = add i10 %tmp_12_cast, %tmp_32_cast

]]></node>
<StgValue><ssdm name="tmp_25"/></StgValue>
</operation>

<operation id="90" st_id="6" stage="1" lat="1">
<core>NULL</core>
<MemPortIdVec></MemPortIdVec>
<condition id="17">
<or_exp><and_exp><literal name="exitcond4" val="0"/>
</and_exp></or_exp>
</condition>

<node id="89" bw="14" op_0_bw="14" op_1_bw="10" op_2_bw="4">
<![CDATA[
:4  %tmp_39_cast = call i14 @_ssdm_op_BitConcatenate.i14.i10.i4(i10 %tmp_25, i4 0)

]]></node>
<StgValue><ssdm name="tmp_39_cast"/></StgValue>
</operation>

<operation id="91" st_id="6" stage="1" lat="1">
<core>AddSub</core>
<MemPortIdVec></MemPortIdVec>
<condition id="17">
<or_exp><and_exp><literal name="exitcond4" val="0"/>
</and_exp></or_exp>
</condition>

<node id="90" bw="5" op_0_bw="5" op_1_bw="5">
<![CDATA[
:5  %tmp_15 = sub i5 -16, %yy

]]></node>
<StgValue><ssdm name="tmp_15"/></StgValue>
</operation>

<operation id="92" st_id="6" stage="1" lat="1">
<core>NULL</core>
<MemPortIdVec></MemPortIdVec>
<condition id="17">
<or_exp><and_exp><literal name="exitcond4" val="0"/>
</and_exp></or_exp>
</condition>

<node id="91" bw="6" op_0_bw="5">
<![CDATA[
:6  %tmp_15_cast = zext i5 %tmp_15 to i6

]]></node>
<StgValue><ssdm name="tmp_15_cast"/></StgValue>
</operation>

<operation id="93" st_id="6" stage="1" lat="1">
<core>NULL</core>
<MemPortIdVec></MemPortIdVec>
<condition id="17">
<or_exp><and_exp><literal name="exitcond4" val="0"/>
</and_exp></or_exp>
</condition>

<node id="92" bw="0" op_0_bw="0">
<![CDATA[
:7  br label %8

]]></node>
<StgValue><ssdm name=""/></StgValue>
</operation>

<operation id="94" st_id="6" stage="1" lat="1">
<core>NULL</core>
<MemPortIdVec></MemPortIdVec>
<condition id="19">
<or_exp><and_exp><literal name="exitcond4" val="1"/>
</and_exp></or_exp>
</condition>

<node id="182" bw="32" op_0_bw="32" op_1_bw="0" op_2_bw="32">
<![CDATA[
:0  %empty_16 = call i32 (...)* @_ssdm_op_SpecRegionEnd([5 x i8]* @p_str1808, i32 %tmp_11)

]]></node>
<StgValue><ssdm name="empty_16"/></StgValue>
</operation>

<operation id="95" st_id="6" stage="1" lat="1">
<core>NULL</core>
<MemPortIdVec></MemPortIdVec>
<condition id="19">
<or_exp><and_exp><literal name="exitcond4" val="1"/>
</and_exp></or_exp>
</condition>

<node id="183" bw="0" op_0_bw="0">
<![CDATA[
:1  br label %.preheader

]]></node>
<StgValue><ssdm name=""/></StgValue>
</operation>
</state>

<state id="7" st_id="7">

<operation id="96" st_id="7" stage="1" lat="1">
<core>NULL</core>
<MemPortIdVec></MemPortIdVec>
<condition id="20">
<or_exp><and_exp></and_exp></or_exp>
</condition>

<node id="94" bw="5" op_0_bw="5" op_1_bw="0">
<![CDATA[
:0  %xx = phi i5 [ 0, %7 ], [ %xx_1, %14 ]

]]></node>
<StgValue><ssdm name="xx"/></StgValue>
</operation>

<operation id="97" st_id="7" stage="1" lat="1">
<core>Cmp</core>
<MemPortIdVec></MemPortIdVec>
<condition id="20">
<or_exp><and_exp></and_exp></or_exp>
</condition>

<node id="95" bw="1" op_0_bw="5" op_1_bw="5">
<![CDATA[
:1  %exitcond5 = icmp eq i5 %xx, -16

]]></node>
<StgValue><ssdm name="exitcond5"/></StgValue>
</operation>

<operation id="98" st_id="7" stage="1" lat="1">
<core>NULL</core>
<MemPortIdVec></MemPortIdVec>
<condition id="20">
<or_exp><and_exp></and_exp></or_exp>
</condition>

<node id="96" bw="32" op_0_bw="32" op_1_bw="64" op_2_bw="64" op_3_bw="64">
<![CDATA[
:2  %empty_10 = call i32 (...)* @_ssdm_op_SpecLoopTripCount(i64 16, i64 16, i64 16)

]]></node>
<StgValue><ssdm name="empty_10"/></StgValue>
</operation>

<operation id="99" st_id="7" stage="1" lat="1">
<core>AddSub</core>
<MemPortIdVec></MemPortIdVec>
<condition id="20">
<or_exp><and_exp></and_exp></or_exp>
</condition>

<node id="97" bw="5" op_0_bw="5" op_1_bw="5">
<![CDATA[
:3  %xx_1 = add i5 %xx, 1

]]></node>
<StgValue><ssdm name="xx_1"/></StgValue>
</operation>

<operation id="100" st_id="7" stage="1" lat="1">
<core>NULL</core>
<MemPortIdVec></MemPortIdVec>
<condition id="20">
<or_exp><and_exp></and_exp></or_exp>
</condition>

<node id="98" bw="0" op_0_bw="1" op_1_bw="0" op_2_bw="0">
<![CDATA[
:4  br i1 %exitcond5, label %15, label %9

]]></node>
<StgValue><ssdm name=""/></StgValue>
</operation>

<operation id="101" st_id="7" stage="1" lat="1">
<core>NULL</core>
<MemPortIdVec></MemPortIdVec>
<condition id="22">
<or_exp><and_exp><literal name="exitcond5" val="0"/>
</and_exp></or_exp>
</condition>

<node id="100" bw="0" op_0_bw="0" op_1_bw="0">
<![CDATA[
:0  call void (...)* @_ssdm_op_SpecLoopName([5 x i8]* @p_str1810) nounwind

]]></node>
<StgValue><ssdm name=""/></StgValue>
</operation>

<operation id="102" st_id="7" stage="1" lat="1">
<core>NULL</core>
<MemPortIdVec></MemPortIdVec>
<condition id="22">
<or_exp><and_exp><literal name="exitcond5" val="0"/>
</and_exp></or_exp>
</condition>

<node id="101" bw="32" op_0_bw="32" op_1_bw="0">
<![CDATA[
:1  %tmp_26 = call i32 (...)* @_ssdm_op_SpecRegionBegin([5 x i8]* @p_str1810)

]]></node>
<StgValue><ssdm name="tmp_26"/></StgValue>
</operation>

<operation id="103" st_id="7" stage="1" lat="1">
<core>AddSub</core>
<MemPortIdVec></MemPortIdVec>
<condition id="22">
<or_exp><and_exp><literal name="exitcond5" val="0"/>
</and_exp></or_exp>
</condition>

<node id="102" bw="5" op_0_bw="5" op_1_bw="5">
<![CDATA[
:2  %tmp_21 = sub i5 -16, %xx

]]></node>
<StgValue><ssdm name="tmp_21"/></StgValue>
</operation>

<operation id="104" st_id="7" stage="1" lat="1">
<core>NULL</core>
<MemPortIdVec></MemPortIdVec>
<condition id="22">
<or_exp><and_exp><literal name="exitcond5" val="0"/>
</and_exp></or_exp>
</condition>

<node id="103" bw="6" op_0_bw="5">
<![CDATA[
:3  %tmp_21_cast = zext i5 %tmp_21 to i6

]]></node>
<StgValue><ssdm name="tmp_21_cast"/></StgValue>
</operation>

<operation id="105" st_id="7" stage="1" lat="1">
<core>NULL</core>
<MemPortIdVec></MemPortIdVec>
<condition id="22">
<or_exp><and_exp><literal name="exitcond5" val="0"/>
</and_exp></or_exp>
</condition>

<node id="104" bw="0" op_0_bw="0">
<![CDATA[
:4  br label %10

]]></node>
<StgValue><ssdm name=""/></StgValue>
</operation>

<operation id="106" st_id="7" stage="1" lat="1">
<core>NULL</core>
<MemPortIdVec></MemPortIdVec>
<condition id="24">
<or_exp><and_exp><literal name="exitcond5" val="1"/>
</and_exp></or_exp>
</condition>

<node id="179" bw="32" op_0_bw="32" op_1_bw="0" op_2_bw="32">
<![CDATA[
:0  %empty_15 = call i32 (...)* @_ssdm_op_SpecRegionEnd([5 x i8]* @p_str1809, i32 %tmp_24)

]]></node>
<StgValue><ssdm name="empty_15"/></StgValue>
</operation>

<operation id="107" st_id="7" stage="1" lat="1">
<core>NULL</core>
<MemPortIdVec></MemPortIdVec>
<condition id="24">
<or_exp><and_exp><literal name="exitcond5" val="1"/>
</and_exp></or_exp>
</condition>

<node id="180" bw="0" op_0_bw="0">
<![CDATA[
:1  br label %6

]]></node>
<StgValue><ssdm name=""/></StgValue>
</operation>
</state>

<state id="8" st_id="8">

<operation id="108" st_id="8" stage="1" lat="1">
<core>NULL</core>
<MemPortIdVec></MemPortIdVec>
<condition id="25">
<or_exp><and_exp></and_exp></or_exp>
</condition>

<node id="106" bw="6" op_0_bw="6" op_1_bw="0">
<![CDATA[
:0  %v28_V = phi i6 [ 0, %9 ], [ %v26_V, %13 ]

]]></node>
<StgValue><ssdm name="v28_V"/></StgValue>
</operation>

<operation id="109" st_id="8" stage="1" lat="1">
<core>NULL</core>
<MemPortIdVec></MemPortIdVec>
<condition id="25">
<or_exp><and_exp></and_exp></or_exp>
</condition>

<node id="107" bw="2" op_0_bw="2" op_1_bw="0">
<![CDATA[
:1  %ry = phi i2 [ 0, %9 ], [ %ry_1, %13 ]

]]></node>
<StgValue><ssdm name="ry"/></StgValue>
</operation>

<operation id="110" st_id="8" stage="1" lat="1">
<core>NULL</core>
<MemPortIdVec></MemPortIdVec>
<condition id="25">
<or_exp><and_exp></and_exp></or_exp>
</condition>

<node id="108" bw="5" op_0_bw="2">
<![CDATA[
:2  %ry_cast = zext i2 %ry to i5

]]></node>
<StgValue><ssdm name="ry_cast"/></StgValue>
</operation>

<operation id="111" st_id="8" stage="1" lat="1">
<core>NULL</core>
<MemPortIdVec></MemPortIdVec>
<condition id="25">
<or_exp><and_exp></and_exp></or_exp>
</condition>

<node id="109" bw="6" op_0_bw="2">
<![CDATA[
:3  %ry_cast1 = zext i2 %ry to i6

]]></node>
<StgValue><ssdm name="ry_cast1"/></StgValue>
</operation>

<operation id="112" st_id="8" stage="1" lat="1">
<core>Cmp</core>
<MemPortIdVec></MemPortIdVec>
<condition id="25">
<or_exp><and_exp></and_exp></or_exp>
</condition>

<node id="110" bw="1" op_0_bw="2" op_1_bw="2">
<![CDATA[
:4  %exitcond6 = icmp eq i2 %ry, -1

]]></node>
<StgValue><ssdm name="exitcond6"/></StgValue>
</operation>

<operation id="113" st_id="8" stage="1" lat="1">
<core>NULL</core>
<MemPortIdVec></MemPortIdVec>
<condition id="25">
<or_exp><and_exp></and_exp></or_exp>
</condition>

<node id="111" bw="32" op_0_bw="32" op_1_bw="64" op_2_bw="64" op_3_bw="64">
<![CDATA[
:5  %empty_11 = call i32 (...)* @_ssdm_op_SpecLoopTripCount(i64 3, i64 3, i64 3)

]]></node>
<StgValue><ssdm name="empty_11"/></StgValue>
</operation>

<operation id="114" st_id="8" stage="1" lat="1">
<core>AddSub</core>
<MemPortIdVec></MemPortIdVec>
<condition id="25">
<or_exp><and_exp></and_exp></or_exp>
</condition>

<node id="112" bw="2" op_0_bw="2" op_1_bw="2">
<![CDATA[
:6  %ry_1 = add i2 %ry, 1

]]></node>
<StgValue><ssdm name="ry_1"/></StgValue>
</operation>

<operation id="115" st_id="8" stage="1" lat="1">
<core>NULL</core>
<MemPortIdVec></MemPortIdVec>
<condition id="25">
<or_exp><and_exp></and_exp></or_exp>
</condition>

<node id="113" bw="0" op_0_bw="1" op_1_bw="0" op_2_bw="0">
<![CDATA[
:7  br i1 %exitcond6, label %14, label %11

]]></node>
<StgValue><ssdm name=""/></StgValue>
</operation>

<operation id="116" st_id="8" stage="1" lat="1">
<core>NULL</core>
<MemPortIdVec></MemPortIdVec>
<condition id="27">
<or_exp><and_exp><literal name="exitcond6" val="0"/>
</and_exp></or_exp>
</condition>

<node id="115" bw="0" op_0_bw="0" op_1_bw="0">
<![CDATA[
:0  call void (...)* @_ssdm_op_SpecLoopName([5 x i8]* @p_str1811) nounwind

]]></node>
<StgValue><ssdm name=""/></StgValue>
</operation>

<operation id="117" st_id="8" stage="1" lat="1">
<core>NULL</core>
<MemPortIdVec></MemPortIdVec>
<condition id="27">
<or_exp><and_exp><literal name="exitcond6" val="0"/>
</and_exp></or_exp>
</condition>

<node id="116" bw="32" op_0_bw="32" op_1_bw="0">
<![CDATA[
:1  %tmp_28 = call i32 (...)* @_ssdm_op_SpecRegionBegin([5 x i8]* @p_str1811)

]]></node>
<StgValue><ssdm name="tmp_28"/></StgValue>
</operation>

<operation id="118" st_id="8" stage="1" lat="1">
<core>AddSub</core>
<MemPortIdVec></MemPortIdVec>
<condition id="27">
<or_exp><and_exp><literal name="exitcond6" val="0"/>
</and_exp></or_exp>
</condition>

<node id="117" bw="5" op_0_bw="5" op_1_bw="5">
<![CDATA[
:2  %tmp_14 = add i5 %yy, %ry_cast

]]></node>
<StgValue><ssdm name="tmp_14"/></StgValue>
</operation>

<operation id="119" st_id="8" stage="1" lat="1">
<core>AddSub</core>
<MemPortIdVec></MemPortIdVec>
<condition id="27">
<or_exp><and_exp><literal name="exitcond6" val="0"/>
</and_exp></or_exp>
</condition>

<node id="118" bw="6" op_0_bw="6" op_1_bw="6">
<![CDATA[
:3  %tmp_16 = sub i6 %tmp_15_cast, %ry_cast1

]]></node>
<StgValue><ssdm name="tmp_16"/></StgValue>
</operation>

<operation id="120" st_id="8" stage="1" lat="1">
<core>NULL</core>
<MemPortIdVec></MemPortIdVec>
<condition id="27">
<or_exp><and_exp><literal name="exitcond6" val="0"/>
</and_exp></or_exp>
</condition>

<node id="119" bw="9" op_0_bw="9" op_1_bw="5" op_2_bw="4">
<![CDATA[
:4  %tmp_29 = call i9 @_ssdm_op_BitConcatenate.i9.i5.i4(i5 %tmp_14, i4 0)

]]></node>
<StgValue><ssdm name="tmp_29"/></StgValue>
</operation>

<operation id="121" st_id="8" stage="1" lat="1">
<core>NULL</core>
<MemPortIdVec></MemPortIdVec>
<condition id="27">
<or_exp><and_exp><literal name="exitcond6" val="0"/>
</and_exp></or_exp>
</condition>

<node id="120" bw="10" op_0_bw="9">
<![CDATA[
:5  %p_shl4_cast = zext i9 %tmp_29 to i10

]]></node>
<StgValue><ssdm name="p_shl4_cast"/></StgValue>
</operation>

<operation id="122" st_id="8" stage="1" lat="1">
<core>NULL</core>
<MemPortIdVec></MemPortIdVec>
<condition id="27">
<or_exp><and_exp><literal name="exitcond6" val="0"/>
</and_exp></or_exp>
</condition>

<node id="121" bw="6" op_0_bw="6" op_1_bw="5" op_2_bw="1">
<![CDATA[
:6  %tmp_30 = call i6 @_ssdm_op_BitConcatenate.i6.i5.i1(i5 %tmp_14, i1 false)

]]></node>
<StgValue><ssdm name="tmp_30"/></StgValue>
</operation>

<operation id="123" st_id="8" stage="1" lat="1">
<core>NULL</core>
<MemPortIdVec></MemPortIdVec>
<condition id="27">
<or_exp><and_exp><literal name="exitcond6" val="0"/>
</and_exp></or_exp>
</condition>

<node id="122" bw="10" op_0_bw="6">
<![CDATA[
:7  %p_shl5_cast = zext i6 %tmp_30 to i10

]]></node>
<StgValue><ssdm name="p_shl5_cast"/></StgValue>
</operation>

<operation id="124" st_id="8" stage="1" lat="1">
<core>AddSub</core>
<MemPortIdVec></MemPortIdVec>
<condition id="27">
<or_exp><and_exp><literal name="exitcond6" val="0"/>
</and_exp></or_exp>
</condition>

<node id="123" bw="10" op_0_bw="10" op_1_bw="10">
<![CDATA[
:8  %tmp_31 = add i10 %p_shl4_cast, %p_shl5_cast

]]></node>
<StgValue><ssdm name="tmp_31"/></StgValue>
</operation>

<operation id="125" st_id="8" stage="1" lat="1">
<core>NULL</core>
<MemPortIdVec></MemPortIdVec>
<condition id="27">
<or_exp><and_exp><literal name="exitcond6" val="0"/>
</and_exp></or_exp>
</condition>

<node id="124" bw="9" op_0_bw="2">
<![CDATA[
:9  %tmp_18_cast = zext i2 %ry to i9

]]></node>
<StgValue><ssdm name="tmp_18_cast"/></StgValue>
</operation>

<operation id="126" st_id="8" stage="1" lat="1">
<core>AddSub</core>
<MemPortIdVec></MemPortIdVec>
<condition id="27">
<or_exp><and_exp><literal name="exitcond6" val="0"/>
</and_exp></or_exp>
</condition>

<node id="125" bw="9" op_0_bw="9" op_1_bw="9">
<![CDATA[
:10  %tmp_32 = add i9 %tmp_18_cast, %tmp_34_cast

]]></node>
<StgValue><ssdm name="tmp_32"/></StgValue>
</operation>

<operation id="127" st_id="8" stage="1" lat="1">
<core>NULL</core>
<MemPortIdVec></MemPortIdVec>
<condition id="27">
<or_exp><and_exp><literal name="exitcond6" val="0"/>
</and_exp></or_exp>
</condition>

<node id="126" bw="9" op_0_bw="9" op_1_bw="9">
<![CDATA[
:11  %tmp_33 = shl i9 %tmp_32, 2

]]></node>
<StgValue><ssdm name="tmp_33"/></StgValue>
</operation>

<operation id="128" st_id="8" stage="1" lat="1">
<core>AddSub</core>
<MemPortIdVec></MemPortIdVec>
<condition id="27">
<or_exp><and_exp><literal name="exitcond6" val="0"/>
</and_exp></or_exp>
</condition>

<node id="127" bw="9" op_0_bw="9" op_1_bw="9">
<![CDATA[
:12  %tmp_34 = sub i9 %tmp_33, %tmp_32

]]></node>
<StgValue><ssdm name="tmp_34"/></StgValue>
</operation>

<operation id="129" st_id="8" stage="1" lat="1">
<core>Cmp</core>
<MemPortIdVec></MemPortIdVec>
<condition id="27">
<or_exp><and_exp><literal name="exitcond6" val="0"/>
</and_exp></or_exp>
</condition>

<node id="128" bw="1" op_0_bw="5" op_1_bw="5">
<![CDATA[
:13  %p_not1 = icmp eq i5 %tmp_14, 0

]]></node>
<StgValue><ssdm name="p_not1"/></StgValue>
</operation>

<operation id="130" st_id="8" stage="1" lat="1">
<core>NULL</core>
<MemPortIdVec></MemPortIdVec>
<condition id="27">
<or_exp><and_exp><literal name="exitcond6" val="0"/>
</and_exp></or_exp>
</condition>

<node id="129" bw="1" op_0_bw="1" op_1_bw="6" op_2_bw="32">
<![CDATA[
:14  %tmp_35 = call i1 @_ssdm_op_BitSelect.i1.i6.i32(i6 %tmp_16, i32 5)

]]></node>
<StgValue><ssdm name="tmp_35"/></StgValue>
</operation>

<operation id="131" st_id="8" stage="1" lat="1">
<core>NULL</core>
<MemPortIdVec></MemPortIdVec>
<condition id="27">
<or_exp><and_exp><literal name="exitcond6" val="0"/>
</and_exp></or_exp>
</condition>

<node id="130" bw="0" op_0_bw="0">
<![CDATA[
:15  br label %12

]]></node>
<StgValue><ssdm name=""/></StgValue>
</operation>

<operation id="132" st_id="8" stage="1" lat="1">
<core>NULL</core>
<MemPortIdVec></MemPortIdVec>
<condition id="29">
<or_exp><and_exp><literal name="exitcond6" val="1"/>
</and_exp></or_exp>
</condition>

<node id="171" bw="14" op_0_bw="5">
<![CDATA[
:0  %tmp_13_cast = zext i5 %xx to i14

]]></node>
<StgValue><ssdm name="tmp_13_cast"/></StgValue>
</operation>

<operation id="133" st_id="8" stage="1" lat="1">
<core>AddSub</core>
<MemPortIdVec></MemPortIdVec>
<condition id="29">
<or_exp><and_exp><literal name="exitcond6" val="1"/>
</and_exp></or_exp>
</condition>

<node id="172" bw="14" op_0_bw="14" op_1_bw="14">
<![CDATA[
:1  %tmp_27 = add i14 %tmp_39_cast, %tmp_13_cast

]]></node>
<StgValue><ssdm name="tmp_27"/></StgValue>
</operation>

<operation id="134" st_id="8" stage="1" lat="1">
<core>NULL</core>
<MemPortIdVec></MemPortIdVec>
<condition id="29">
<or_exp><and_exp><literal name="exitcond6" val="1"/>
</and_exp></or_exp>
</condition>

<node id="173" bw="64" op_0_bw="14">
<![CDATA[
:2  %tmp_40_cast = zext i14 %tmp_27 to i64

]]></node>
<StgValue><ssdm name="tmp_40_cast"/></StgValue>
</operation>

<operation id="135" st_id="8" stage="1" lat="1">
<core>NULL</core>
<MemPortIdVec></MemPortIdVec>
<condition id="29">
<or_exp><and_exp><literal name="exitcond6" val="1"/>
</and_exp></or_exp>
</condition>

<node id="174" bw="12" op_0_bw="6" op_1_bw="64" op_2_bw="64">
<![CDATA[
:3  %v2_0_V_addr_1 = getelementptr [4096 x i6]* %v2_0_V, i64 0, i64 %tmp_40_cast

]]></node>
<StgValue><ssdm name="v2_0_V_addr_1"/></StgValue>
</operation>

<operation id="136" st_id="8" stage="1" lat="1">
<core>RAM</core>
<MemPortIdVec>0 </MemPortIdVec>
<condition id="29">
<or_exp><and_exp><literal name="exitcond6" val="1"/>
</and_exp></or_exp>
</condition>

<node id="175" bw="0" op_0_bw="6" op_1_bw="12">
<![CDATA[
:4  store i6 %v28_V, i6* %v2_0_V_addr_1, align 1

]]></node>
<StgValue><ssdm name=""/></StgValue>
</operation>

<operation id="137" st_id="8" stage="1" lat="1">
<core>NULL</core>
<MemPortIdVec></MemPortIdVec>
<condition id="29">
<or_exp><and_exp><literal name="exitcond6" val="1"/>
</and_exp></or_exp>
</condition>

<node id="176" bw="32" op_0_bw="32" op_1_bw="0" op_2_bw="32">
<![CDATA[
:5  %empty_14 = call i32 (...)* @_ssdm_op_SpecRegionEnd([5 x i8]* @p_str1810, i32 %tmp_26)

]]></node>
<StgValue><ssdm name="empty_14"/></StgValue>
</operation>

<operation id="138" st_id="8" stage="1" lat="1">
<core>NULL</core>
<MemPortIdVec></MemPortIdVec>
<condition id="29">
<or_exp><and_exp><literal name="exitcond6" val="1"/>
</and_exp></or_exp>
</condition>

<node id="177" bw="0" op_0_bw="0">
<![CDATA[
:6  br label %8

]]></node>
<StgValue><ssdm name=""/></StgValue>
</operation>
</state>

<state id="9" st_id="9">

<operation id="139" st_id="9" stage="1" lat="1">
<core>NULL</core>
<MemPortIdVec></MemPortIdVec>
<condition id="30">
<or_exp><and_exp></and_exp></or_exp>
</condition>

<node id="132" bw="6" op_0_bw="6" op_1_bw="0">
<![CDATA[
:0  %v26_V = phi i6 [ %v28_V, %11 ], [ %v27_V, %_ifconv1 ]

]]></node>
<StgValue><ssdm name="v26_V"/></StgValue>
</operation>

<operation id="140" st_id="9" stage="1" lat="1">
<core>NULL</core>
<MemPortIdVec></MemPortIdVec>
<condition id="30">
<or_exp><and_exp></and_exp></or_exp>
</condition>

<node id="133" bw="2" op_0_bw="2" op_1_bw="0">
<![CDATA[
:1  %rx = phi i2 [ 0, %11 ], [ %rx_1, %_ifconv1 ]

]]></node>
<StgValue><ssdm name="rx"/></StgValue>
</operation>

<operation id="141" st_id="9" stage="1" lat="1">
<core>NULL</core>
<MemPortIdVec></MemPortIdVec>
<condition id="30">
<or_exp><and_exp></and_exp></or_exp>
</condition>

<node id="134" bw="5" op_0_bw="2">
<![CDATA[
:2  %rx_cast = zext i2 %rx to i5

]]></node>
<StgValue><ssdm name="rx_cast"/></StgValue>
</operation>

<operation id="142" st_id="9" stage="1" lat="1">
<core>NULL</core>
<MemPortIdVec></MemPortIdVec>
<condition id="30">
<or_exp><and_exp></and_exp></or_exp>
</condition>

<node id="135" bw="6" op_0_bw="2">
<![CDATA[
:3  %rx_cast1 = zext i2 %rx to i6

]]></node>
<StgValue><ssdm name="rx_cast1"/></StgValue>
</operation>

<operation id="143" st_id="9" stage="1" lat="1">
<core>Cmp</core>
<MemPortIdVec></MemPortIdVec>
<condition id="30">
<or_exp><and_exp></and_exp></or_exp>
</condition>

<node id="136" bw="1" op_0_bw="2" op_1_bw="2">
<![CDATA[
:4  %exitcond = icmp eq i2 %rx, -1

]]></node>
<StgValue><ssdm name="exitcond"/></StgValue>
</operation>

<operation id="144" st_id="9" stage="1" lat="1">
<core>NULL</core>
<MemPortIdVec></MemPortIdVec>
<condition id="30">
<or_exp><and_exp></and_exp></or_exp>
</condition>

<node id="137" bw="32" op_0_bw="32" op_1_bw="64" op_2_bw="64" op_3_bw="64">
<![CDATA[
:5  %empty_12 = call i32 (...)* @_ssdm_op_SpecLoopTripCount(i64 3, i64 3, i64 3)

]]></node>
<StgValue><ssdm name="empty_12"/></StgValue>
</operation>

<operation id="145" st_id="9" stage="1" lat="1">
<core>AddSub</core>
<MemPortIdVec></MemPortIdVec>
<condition id="30">
<or_exp><and_exp></and_exp></or_exp>
</condition>

<node id="138" bw="2" op_0_bw="2" op_1_bw="2">
<![CDATA[
:6  %rx_1 = add i2 %rx, 1

]]></node>
<StgValue><ssdm name="rx_1"/></StgValue>
</operation>

<operation id="146" st_id="9" stage="1" lat="1">
<core>NULL</core>
<MemPortIdVec></MemPortIdVec>
<condition id="30">
<or_exp><and_exp></and_exp></or_exp>
</condition>

<node id="139" bw="0" op_0_bw="1" op_1_bw="0" op_2_bw="0">
<![CDATA[
:7  br i1 %exitcond, label %13, label %_ifconv1

]]></node>
<StgValue><ssdm name=""/></StgValue>
</operation>

<operation id="147" st_id="9" stage="1" lat="1">
<core>AddSub</core>
<MemPortIdVec></MemPortIdVec>
<condition id="32">
<or_exp><and_exp><literal name="exitcond" val="0"/>
</and_exp></or_exp>
</condition>

<node id="142" bw="5" op_0_bw="5" op_1_bw="5">
<![CDATA[
_ifconv1:1  %tmp_19 = add i5 %rx_cast, %xx

]]></node>
<StgValue><ssdm name="tmp_19"/></StgValue>
</operation>

<operation id="148" st_id="9" stage="1" lat="1">
<core>NULL</core>
<MemPortIdVec></MemPortIdVec>
<condition id="32">
<or_exp><and_exp><literal name="exitcond" val="0"/>
</and_exp></or_exp>
</condition>

<node id="145" bw="10" op_0_bw="5">
<![CDATA[
_ifconv1:4  %tmp_23_cast = zext i5 %tmp_19 to i10

]]></node>
<StgValue><ssdm name="tmp_23_cast"/></StgValue>
</operation>

<operation id="149" st_id="9" stage="1" lat="1">
<core>AddSub</core>
<MemPortIdVec></MemPortIdVec>
<condition id="32">
<or_exp><and_exp><literal name="exitcond" val="0"/>
</and_exp></or_exp>
</condition>

<node id="146" bw="10" op_0_bw="10" op_1_bw="10">
<![CDATA[
_ifconv1:5  %tmp_37 = add i10 %tmp_23_cast, %tmp_31

]]></node>
<StgValue><ssdm name="tmp_37"/></StgValue>
</operation>

<operation id="150" st_id="9" stage="1" lat="1">
<core>NULL</core>
<MemPortIdVec></MemPortIdVec>
<condition id="32">
<or_exp><and_exp><literal name="exitcond" val="0"/>
</and_exp></or_exp>
</condition>

<node id="147" bw="64" op_0_bw="10">
<![CDATA[
_ifconv1:6  %tmp_47_cast = zext i10 %tmp_37 to i64

]]></node>
<StgValue><ssdm name="tmp_47_cast"/></StgValue>
</operation>

<operation id="151" st_id="9" stage="1" lat="1">
<core>NULL</core>
<MemPortIdVec></MemPortIdVec>
<condition id="32">
<or_exp><and_exp><literal name="exitcond" val="0"/>
</and_exp></or_exp>
</condition>

<node id="148" bw="9" op_0_bw="1" op_1_bw="64" op_2_bw="64">
<![CDATA[
_ifconv1:7  %conv1_pad_0_0_addr_1 = getelementptr [324 x i1]* %conv1_pad_0_0, i64 0, i64 %tmp_47_cast

]]></node>
<StgValue><ssdm name="conv1_pad_0_0_addr_1"/></StgValue>
</operation>

<operation id="152" st_id="9" stage="2" lat="2">
<core>RAM</core>
<MemPortIdVec>0 </MemPortIdVec>
<condition id="32">
<or_exp><and_exp><literal name="exitcond" val="0"/>
</and_exp></or_exp>
</condition>

<node id="149" bw="1" op_0_bw="9">
<![CDATA[
_ifconv1:8  %v16 = load i1* %conv1_pad_0_0_addr_1, align 1

]]></node>
<StgValue><ssdm name="v16"/></StgValue>
</operation>

<operation id="153" st_id="9" stage="1" lat="1">
<core>NULL</core>
<MemPortIdVec></MemPortIdVec>
<condition id="32">
<or_exp><and_exp><literal name="exitcond" val="0"/>
</and_exp></or_exp>
</condition>

<node id="151" bw="9" op_0_bw="2">
<![CDATA[
_ifconv1:10  %tmp_24_cast = zext i2 %rx to i9

]]></node>
<StgValue><ssdm name="tmp_24_cast"/></StgValue>
</operation>

<operation id="154" st_id="9" stage="1" lat="1">
<core>AddSub</core>
<MemPortIdVec></MemPortIdVec>
<condition id="32">
<or_exp><and_exp><literal name="exitcond" val="0"/>
</and_exp></or_exp>
</condition>

<node id="152" bw="9" op_0_bw="9" op_1_bw="9">
<![CDATA[
_ifconv1:11  %tmp_38 = add i9 %tmp_24_cast, %tmp_34

]]></node>
<StgValue><ssdm name="tmp_38"/></StgValue>
</operation>

<operation id="155" st_id="9" stage="1" lat="1">
<core>NULL</core>
<MemPortIdVec></MemPortIdVec>
<condition id="32">
<or_exp><and_exp><literal name="exitcond" val="0"/>
</and_exp></or_exp>
</condition>

<node id="153" bw="64" op_0_bw="9">
<![CDATA[
_ifconv1:12  %tmp_48_cast = zext i9 %tmp_38 to i64

]]></node>
<StgValue><ssdm name="tmp_48_cast"/></StgValue>
</operation>

<operation id="156" st_id="9" stage="1" lat="1">
<core>NULL</core>
<MemPortIdVec></MemPortIdVec>
<condition id="32">
<or_exp><and_exp><literal name="exitcond" val="0"/>
</and_exp></or_exp>
</condition>

<node id="154" bw="8" op_0_bw="1" op_1_bw="64" op_2_bw="64">
<![CDATA[
_ifconv1:13  %w_conv1_new_0_addr = getelementptr [144 x i1]* @w_conv1_new_0, i64 0, i64 %tmp_48_cast

]]></node>
<StgValue><ssdm name="w_conv1_new_0_addr"/></StgValue>
</operation>

<operation id="157" st_id="9" stage="2" lat="2">
<core>ROM_nP</core>
<MemPortIdVec>0 </MemPortIdVec>
<condition id="32">
<or_exp><and_exp><literal name="exitcond" val="0"/>
</and_exp></or_exp>
</condition>

<node id="155" bw="1" op_0_bw="8">
<![CDATA[
_ifconv1:14  %v19 = load i1* %w_conv1_new_0_addr, align 1

]]></node>
<StgValue><ssdm name="v19"/></StgValue>
</operation>

<operation id="158" st_id="9" stage="1" lat="1">
<core>Cmp</core>
<MemPortIdVec></MemPortIdVec>
<condition id="32">
<or_exp><and_exp><literal name="exitcond" val="0"/>
</and_exp></or_exp>
</condition>

<node id="159" bw="1" op_0_bw="5" op_1_bw="5">
<![CDATA[
_ifconv1:18  %sel_tmp = icmp eq i5 %tmp_19, 0

]]></node>
<StgValue><ssdm name="sel_tmp"/></StgValue>
</operation>

<operation id="159" st_id="9" stage="1" lat="1">
<core>NULL</core>
<MemPortIdVec></MemPortIdVec>
<condition id="34">
<or_exp><and_exp><literal name="exitcond" val="1"/>
</and_exp></or_exp>
</condition>

<node id="168" bw="32" op_0_bw="32" op_1_bw="0" op_2_bw="32">
<![CDATA[
:0  %empty_13 = call i32 (...)* @_ssdm_op_SpecRegionEnd([5 x i8]* @p_str1811, i32 %tmp_28)

]]></node>
<StgValue><ssdm name="empty_13"/></StgValue>
</operation>

<operation id="160" st_id="9" stage="1" lat="1">
<core>NULL</core>
<MemPortIdVec></MemPortIdVec>
<condition id="34">
<or_exp><and_exp><literal name="exitcond" val="1"/>
</and_exp></or_exp>
</condition>

<node id="169" bw="0" op_0_bw="0">
<![CDATA[
:1  br label %10

]]></node>
<StgValue><ssdm name=""/></StgValue>
</operation>
</state>

<state id="10" st_id="10">

<operation id="161" st_id="10" stage="1" lat="1">
<core>NULL</core>
<MemPortIdVec></MemPortIdVec>
<condition id="35">
<or_exp><and_exp></and_exp></or_exp>
</condition>

<node id="141" bw="0" op_0_bw="0" op_1_bw="0">
<![CDATA[
_ifconv1:0  call void (...)* @_ssdm_op_SpecLoopName([5 x i8]* @p_str1812) nounwind

]]></node>
<StgValue><ssdm name=""/></StgValue>
</operation>

<operation id="162" st_id="10" stage="1" lat="1">
<core>AddSub</core>
<MemPortIdVec></MemPortIdVec>
<condition id="35">
<or_exp><and_exp></and_exp></or_exp>
</condition>

<node id="143" bw="6" op_0_bw="6" op_1_bw="6">
<![CDATA[
_ifconv1:2  %tmp_22 = sub i6 %tmp_21_cast, %rx_cast1

]]></node>
<StgValue><ssdm name="tmp_22"/></StgValue>
</operation>

<operation id="163" st_id="10" stage="1" lat="1">
<core>NULL</core>
<MemPortIdVec></MemPortIdVec>
<condition id="35">
<or_exp><and_exp></and_exp></or_exp>
</condition>

<node id="144" bw="1" op_0_bw="1" op_1_bw="6" op_2_bw="32">
<![CDATA[
_ifconv1:3  %tmp_36 = call i1 @_ssdm_op_BitSelect.i1.i6.i32(i6 %tmp_22, i32 5)

]]></node>
<StgValue><ssdm name="tmp_36"/></StgValue>
</operation>

<operation id="164" st_id="10" stage="1" lat="2">
<core>RAM</core>
<MemPortIdVec>0 </MemPortIdVec>
<condition id="35">
<or_exp><and_exp></and_exp></or_exp>
</condition>

<node id="149" bw="1" op_0_bw="9">
<![CDATA[
_ifconv1:8  %v16 = load i1* %conv1_pad_0_0_addr_1, align 1

]]></node>
<StgValue><ssdm name="v16"/></StgValue>
</operation>

<operation id="165" st_id="10" stage="1" lat="1">
<core>LogicGate</core>
<MemPortIdVec></MemPortIdVec>
<condition id="35">
<or_exp><and_exp></and_exp></or_exp>
</condition>

<node id="150" bw="1" op_0_bw="1" op_1_bw="1">
<![CDATA[
_ifconv1:9  %not_v = xor i1 %v16, true

]]></node>
<StgValue><ssdm name="not_v"/></StgValue>
</operation>

<operation id="166" st_id="10" stage="1" lat="2">
<core>ROM_nP</core>
<MemPortIdVec>0 </MemPortIdVec>
<condition id="35">
<or_exp><and_exp></and_exp></or_exp>
</condition>

<node id="155" bw="1" op_0_bw="8">
<![CDATA[
_ifconv1:14  %v19 = load i1* %w_conv1_new_0_addr, align 1

]]></node>
<StgValue><ssdm name="v19"/></StgValue>
</operation>

<operation id="167" st_id="10" stage="1" lat="1">
<core>LogicGate</core>
<MemPortIdVec></MemPortIdVec>
<condition id="35">
<or_exp><and_exp></and_exp></or_exp>
</condition>

<node id="156" bw="1" op_0_bw="1" op_1_bw="1">
<![CDATA[
_ifconv1:15  %v4 = xor i1 %v19, %not_v

]]></node>
<StgValue><ssdm name="v4"/></StgValue>
</operation>

<operation id="168" st_id="10" stage="1" lat="1">
<core>NULL</core>
<MemPortIdVec></MemPortIdVec>
<condition id="35">
<or_exp><and_exp></and_exp></or_exp>
</condition>

<node id="157" bw="2" op_0_bw="2" op_1_bw="1" op_2_bw="1">
<![CDATA[
_ifconv1:16  %v5 = call i2 @_ssdm_op_BitConcatenate.i2.i1.i1(i1 %v4, i1 false)

]]></node>
<StgValue><ssdm name="v5"/></StgValue>
</operation>

<operation id="169" st_id="10" stage="1" lat="1">
<core>AddSub</core>
<MemPortIdVec></MemPortIdVec>
<condition id="35">
<or_exp><and_exp></and_exp></or_exp>
</condition>

<node id="158" bw="2" op_0_bw="2" op_1_bw="2">
<![CDATA[
_ifconv1:17  %v24_V = add i2 %v5, -1

]]></node>
<StgValue><ssdm name="v24_V"/></StgValue>
</operation>

<operation id="170" st_id="10" stage="1" lat="1">
<core>LogicGate</core>
<MemPortIdVec></MemPortIdVec>
<condition id="35">
<or_exp><and_exp></and_exp></or_exp>
</condition>

<node id="160" bw="1" op_0_bw="1" op_1_bw="1">
<![CDATA[
_ifconv1:19  %tmp7 = or i1 %tmp_36, %p_not1

]]></node>
<StgValue><ssdm name="tmp7"/></StgValue>
</operation>

<operation id="171" st_id="10" stage="1" lat="1">
<core>LogicGate</core>
<MemPortIdVec></MemPortIdVec>
<condition id="35">
<or_exp><and_exp></and_exp></or_exp>
</condition>

<node id="161" bw="1" op_0_bw="1" op_1_bw="1">
<![CDATA[
_ifconv1:20  %tmp8 = or i1 %tmp_35, %sel_tmp

]]></node>
<StgValue><ssdm name="tmp8"/></StgValue>
</operation>

<operation id="172" st_id="10" stage="1" lat="1">
<core>LogicGate</core>
<MemPortIdVec></MemPortIdVec>
<condition id="35">
<or_exp><and_exp></and_exp></or_exp>
</condition>

<node id="162" bw="1" op_0_bw="1" op_1_bw="1">
<![CDATA[
_ifconv1:21  %sel_tmp2 = or i1 %tmp8, %tmp7

]]></node>
<StgValue><ssdm name="sel_tmp2"/></StgValue>
</operation>

<operation id="173" st_id="10" stage="1" lat="1">
<core>Sel</core>
<MemPortIdVec></MemPortIdVec>
<condition id="35">
<or_exp><and_exp></and_exp></or_exp>
</condition>

<node id="163" bw="2" op_0_bw="1" op_1_bw="2" op_2_bw="2">
<![CDATA[
_ifconv1:22  %p_s = select i1 %sel_tmp2, i2 0, i2 %v24_V

]]></node>
<StgValue><ssdm name="p_s"/></StgValue>
</operation>

<operation id="174" st_id="10" stage="1" lat="1">
<core>NULL</core>
<MemPortIdVec></MemPortIdVec>
<condition id="35">
<or_exp><and_exp></and_exp></or_exp>
</condition>

<node id="164" bw="6" op_0_bw="2">
<![CDATA[
_ifconv1:23  %p_cast = sext i2 %p_s to i6

]]></node>
<StgValue><ssdm name="p_cast"/></StgValue>
</operation>

<operation id="175" st_id="10" stage="1" lat="1">
<core>AddSub</core>
<MemPortIdVec></MemPortIdVec>
<condition id="35">
<or_exp><and_exp></and_exp></or_exp>
</condition>

<node id="165" bw="6" op_0_bw="6" op_1_bw="6">
<![CDATA[
_ifconv1:24  %v27_V = add i6 %p_cast, %v26_V

]]></node>
<StgValue><ssdm name="v27_V"/></StgValue>
</operation>

<operation id="176" st_id="10" stage="1" lat="1">
<core>NULL</core>
<MemPortIdVec></MemPortIdVec>
<condition id="35">
<or_exp><and_exp></and_exp></or_exp>
</condition>

<node id="166" bw="0" op_0_bw="0">
<![CDATA[
_ifconv1:25  br label %12

]]></node>
<StgValue><ssdm name=""/></StgValue>
</operation>
</state>

<state id="11" st_id="11">

<operation id="177" st_id="11" stage="1" lat="2">
<core>RAM</core>
<MemPortIdVec>0 </MemPortIdVec>
<condition id="36">
<or_exp><and_exp></and_exp></or_exp>
</condition>

<node id="185" bw="6" op_0_bw="12">
<![CDATA[
:0  %v2_0_V_load = load i6* %v2_0_V_addr, align 1

]]></node>
<StgValue><ssdm name="v2_0_V_load"/></StgValue>
</operation>

<operation id="178" st_id="11" stage="1" lat="1">
<core>NULL</core>
<MemPortIdVec></MemPortIdVec>
<condition id="36">
<or_exp><and_exp></and_exp></or_exp>
</condition>

<node id="186" bw="0" op_0_bw="6">
<![CDATA[
:1  ret i6 %v2_0_V_load

]]></node>
<StgValue><ssdm name=""/></StgValue>
</operation>
</state>
</state_list>


<ports>
<port id="199" name="v0" dir="0" iftype="1">
<core>RAM</core><StgValue><ssdm name="v0"/><MemPortTyVec>1 3 </MemPortTyVec>
</StgValue>
</port>
<port id="200" name="v2_0_V" dir="2" iftype="1">
<core>RAM</core><StgValue><ssdm name="v2_0_V"/><MemPortTyVec>2 3 </MemPortTyVec>
</StgValue>
</port>
<port id="201" name="w_conv1_new_0" dir="0" iftype="1">
<core>ROM_nP</core><StgValue><ssdm name="w_conv1_new_0"/><MemPortTyVec>1 </MemPortTyVec>
</StgValue>
</port>
</ports>


<dataflows>
<dataflow id="202" from="v2_0_V" to="v2_0_V_addr" fromId="200" toId="12">
</dataflow>
<dataflow id="204" from="stg_203" to="v2_0_V_addr" fromId="203" toId="12">
</dataflow>
<dataflow id="205" from="stg_203" to="v2_0_V_addr" fromId="203" toId="12">
</dataflow>
<dataflow id="207" from="stg_206" to="conv1_pad_0_0" fromId="206" toId="13">
</dataflow>
<dataflow id="209" from="stg_208" to="hh" fromId="208" toId="15">
<condition id="82">
<or_exp><and_exp></and_exp></or_exp>
</condition>
</dataflow>
<dataflow id="210" from="stg_14" to="hh" fromId="14" toId="15">
</dataflow>
<dataflow id="211" from="hh_1" to="hh" fromId="19" toId="15">
<BackEdge/>
<condition id="83">
<or_exp><and_exp><literal name="exitcond3" val="1"/>
</and_exp></or_exp>
</condition>
</dataflow>
<dataflow id="212" from="stg_52" to="hh" fromId="52" toId="15">
<BackEdge/>
</dataflow>
<dataflow id="213" from="hh" to="hh_cast" fromId="15" toId="16">
</dataflow>
<dataflow id="214" from="hh" to="exitcond1" fromId="15" toId="17">
</dataflow>
<dataflow id="216" from="stg_215" to="exitcond1" fromId="215" toId="17">
</dataflow>
<dataflow id="218" from="_ssdm_op_SpecLoopTripCount" to="empty" fromId="217" toId="18">
</dataflow>
<dataflow id="220" from="stg_219" to="empty" fromId="219" toId="18">
</dataflow>
<dataflow id="221" from="stg_219" to="empty" fromId="219" toId="18">
</dataflow>
<dataflow id="222" from="stg_219" to="empty" fromId="219" toId="18">
</dataflow>
<dataflow id="223" from="hh" to="hh_1" fromId="15" toId="19">
</dataflow>
<dataflow id="225" from="stg_224" to="hh_1" fromId="224" toId="19">
</dataflow>
<dataflow id="226" from="exitcond1" to="stg_20" fromId="17" toId="20">
</dataflow>
<dataflow id="228" from="_ssdm_op_SpecLoopName" to="stg_21" fromId="227" toId="21">
</dataflow>
<dataflow id="230" from="p_str1806" to="stg_21" fromId="229" toId="21">
</dataflow>
<dataflow id="232" from="_ssdm_op_SpecRegionBegin" to="tmp_4" fromId="231" toId="22">
</dataflow>
<dataflow id="233" from="p_str1806" to="tmp_4" fromId="229" toId="22">
</dataflow>
<dataflow id="234" from="hh" to="tmp" fromId="15" toId="23">
</dataflow>
<dataflow id="235" from="stg_208" to="tmp" fromId="208" toId="23">
</dataflow>
<dataflow id="237" from="stg_236" to="tmp_1" fromId="236" toId="24">
</dataflow>
<dataflow id="238" from="hh_cast" to="tmp_1" fromId="16" toId="24">
</dataflow>
<dataflow id="240" from="_ssdm_op_BitSelect.i1.i6.i32" to="tmp_2" fromId="239" toId="25">
</dataflow>
<dataflow id="241" from="tmp_1" to="tmp_2" fromId="24" toId="25">
</dataflow>
<dataflow id="243" from="stg_242" to="tmp_2" fromId="242" toId="25">
</dataflow>
<dataflow id="244" from="tmp_2" to="rev" fromId="25" toId="26">
</dataflow>
<dataflow id="246" from="stg_245" to="rev" fromId="245" toId="26">
</dataflow>
<dataflow id="247" from="hh_cast" to="tmp_3" fromId="16" toId="27">
</dataflow>
<dataflow id="249" from="stg_248" to="tmp_3" fromId="248" toId="27">
</dataflow>
<dataflow id="251" from="_ssdm_op_BitConcatenate.i10.i6.i4" to="tmp_5" fromId="250" toId="28">
</dataflow>
<dataflow id="252" from="tmp_3" to="tmp_5" fromId="27" toId="28">
</dataflow>
<dataflow id="254" from="stg_253" to="tmp_5" fromId="253" toId="28">
</dataflow>
<dataflow id="256" from="_ssdm_op_BitConcatenate.i9.i5.i4" to="tmp_s" fromId="255" toId="29">
</dataflow>
<dataflow id="257" from="hh" to="tmp_s" fromId="15" toId="29">
</dataflow>
<dataflow id="258" from="stg_253" to="tmp_s" fromId="253" toId="29">
</dataflow>
<dataflow id="259" from="tmp_s" to="p_shl_cast" fromId="29" toId="30">
</dataflow>
<dataflow id="261" from="_ssdm_op_BitConcatenate.i6.i5.i1" to="tmp_6" fromId="260" toId="31">
</dataflow>
<dataflow id="262" from="hh" to="tmp_6" fromId="15" toId="31">
</dataflow>
<dataflow id="264" from="stg_263" to="tmp_6" fromId="263" toId="31">
</dataflow>
<dataflow id="265" from="tmp_6" to="p_shl1_cast" fromId="31" toId="32">
</dataflow>
<dataflow id="266" from="p_shl1_cast" to="tmp_10" fromId="32" toId="33">
</dataflow>
<dataflow id="267" from="p_shl_cast" to="tmp_10" fromId="30" toId="33">
</dataflow>
<dataflow id="268" from="tmp" to="tmp6" fromId="23" toId="34">
</dataflow>
<dataflow id="269" from="rev" to="tmp6" fromId="26" toId="34">
</dataflow>
<dataflow id="270" from="stg_208" to="ww" fromId="208" toId="36">
<condition id="84">
<or_exp><and_exp><literal name="exitcond1" val="0"/>
</and_exp></or_exp>
</condition>
</dataflow>
<dataflow id="271" from="stg_35" to="ww" fromId="35" toId="36">
</dataflow>
<dataflow id="272" from="ww_1" to="ww" fromId="40" toId="36">
<BackEdge/>
<condition id="85">
<or_exp><and_exp></and_exp></or_exp>
</condition>
</dataflow>
<dataflow id="273" from="stg_64" to="ww" fromId="64" toId="36">
<BackEdge/>
</dataflow>
<dataflow id="274" from="ww" to="ww_cast" fromId="36" toId="37">
</dataflow>
<dataflow id="275" from="ww" to="exitcond3" fromId="36" toId="38">
</dataflow>
<dataflow id="276" from="stg_215" to="exitcond3" fromId="215" toId="38">
</dataflow>
<dataflow id="277" from="_ssdm_op_SpecLoopTripCount" to="empty_6" fromId="217" toId="39">
</dataflow>
<dataflow id="278" from="stg_219" to="empty_6" fromId="219" toId="39">
</dataflow>
<dataflow id="279" from="stg_219" to="empty_6" fromId="219" toId="39">
</dataflow>
<dataflow id="280" from="stg_219" to="empty_6" fromId="219" toId="39">
</dataflow>
<dataflow id="281" from="ww" to="ww_1" fromId="36" toId="40">
</dataflow>
<dataflow id="282" from="stg_224" to="ww_1" fromId="224" toId="40">
</dataflow>
<dataflow id="283" from="exitcond3" to="stg_41" fromId="38" toId="41">
</dataflow>
<dataflow id="284" from="ww" to="tmp_8" fromId="36" toId="42">
</dataflow>
<dataflow id="285" from="stg_208" to="tmp_8" fromId="208" toId="42">
</dataflow>
<dataflow id="286" from="ww_cast" to="tmp_7" fromId="37" toId="43">
</dataflow>
<dataflow id="287" from="stg_248" to="tmp_7" fromId="248" toId="43">
</dataflow>
<dataflow id="288" from="tmp_7" to="tmp_10_cast" fromId="43" toId="44">
</dataflow>
<dataflow id="289" from="tmp_10_cast" to="tmp_20" fromId="44" toId="45">
</dataflow>
<dataflow id="290" from="tmp_5" to="tmp_20" fromId="28" toId="45">
</dataflow>
<dataflow id="291" from="tmp_20" to="tmp_35_cast" fromId="45" toId="46">
</dataflow>
<dataflow id="292" from="v0" to="v0_addr" fromId="199" toId="47">
</dataflow>
<dataflow id="293" from="stg_203" to="v0_addr" fromId="203" toId="47">
</dataflow>
<dataflow id="294" from="tmp_35_cast" to="v0_addr" fromId="46" toId="47">
</dataflow>
<dataflow id="295" from="v0_addr" to="v7" fromId="47" toId="48">
</dataflow>
<dataflow id="296" from="ww" to="tmp_11_cast" fromId="36" toId="49">
</dataflow>
<dataflow id="297" from="tmp_11_cast" to="tmp_23" fromId="49" toId="50">
</dataflow>
<dataflow id="298" from="tmp_10" to="tmp_23" fromId="33" toId="50">
</dataflow>
<dataflow id="300" from="_ssdm_op_SpecRegionEnd" to="empty_7" fromId="299" toId="51">
</dataflow>
<dataflow id="301" from="p_str1806" to="empty_7" fromId="229" toId="51">
</dataflow>
<dataflow id="302" from="tmp_4" to="empty_7" fromId="22" toId="51">
</dataflow>
<dataflow id="303" from="_ssdm_op_SpecLoopName" to="stg_53" fromId="227" toId="53">
</dataflow>
<dataflow id="305" from="p_str1807" to="stg_53" fromId="304" toId="53">
</dataflow>
<dataflow id="306" from="stg_236" to="tmp_9" fromId="236" toId="54">
</dataflow>
<dataflow id="307" from="ww_cast" to="tmp_9" fromId="37" toId="54">
</dataflow>
<dataflow id="308" from="_ssdm_op_BitSelect.i1.i6.i32" to="tmp_18" fromId="239" toId="55">
</dataflow>
<dataflow id="309" from="tmp_9" to="tmp_18" fromId="54" toId="55">
</dataflow>
<dataflow id="310" from="stg_242" to="tmp_18" fromId="242" toId="55">
</dataflow>
<dataflow id="311" from="tmp_18" to="rev9" fromId="55" toId="56">
</dataflow>
<dataflow id="312" from="stg_245" to="rev9" fromId="245" toId="56">
</dataflow>
<dataflow id="313" from="v0_addr" to="v7" fromId="47" toId="57">
</dataflow>
<dataflow id="314" from="v7" to="tmp4" fromId="57" toId="58">
</dataflow>
<dataflow id="315" from="tmp_8" to="tmp4" fromId="42" toId="58">
</dataflow>
<dataflow id="316" from="tmp6" to="tmp5" fromId="34" toId="59">
</dataflow>
<dataflow id="317" from="rev9" to="tmp5" fromId="56" toId="59">
</dataflow>
<dataflow id="318" from="tmp5" to="v" fromId="59" toId="60">
</dataflow>
<dataflow id="319" from="tmp4" to="v" fromId="58" toId="60">
</dataflow>
<dataflow id="320" from="tmp_23" to="tmp_36_cast" fromId="50" toId="61">
</dataflow>
<dataflow id="321" from="conv1_pad_0_0" to="conv1_pad_0_0_addr" fromId="13" toId="62">
</dataflow>
<dataflow id="322" from="stg_203" to="conv1_pad_0_0_addr" fromId="203" toId="62">
</dataflow>
<dataflow id="323" from="tmp_36_cast" to="conv1_pad_0_0_addr" fromId="61" toId="62">
</dataflow>
<dataflow id="324" from="v" to="stg_63" fromId="60" toId="63">
</dataflow>
<dataflow id="325" from="conv1_pad_0_0_addr" to="stg_63" fromId="62" toId="63">
</dataflow>
<dataflow id="326" from="ff_1" to="ff" fromId="68" toId="65">
<BackEdge/>
<condition id="86">
<or_exp><and_exp><literal name="exitcond4" val="1"/>
</and_exp></or_exp>
</condition>
</dataflow>
<dataflow id="327" from="stg_95" to="ff" fromId="95" toId="65">
<BackEdge/>
</dataflow>
<dataflow id="328" from="stg_208" to="ff" fromId="208" toId="65">
<condition id="87">
<or_exp><and_exp><literal name="exitcond1" val="1"/>
</and_exp></or_exp>
</condition>
</dataflow>
<dataflow id="329" from="stg_20" to="ff" fromId="20" toId="65">
</dataflow>
<dataflow id="330" from="ff" to="exitcond2" fromId="65" toId="66">
</dataflow>
<dataflow id="332" from="stg_331" to="exitcond2" fromId="331" toId="66">
</dataflow>
<dataflow id="333" from="_ssdm_op_SpecLoopTripCount" to="empty_8" fromId="217" toId="67">
</dataflow>
<dataflow id="335" from="stg_334" to="empty_8" fromId="334" toId="67">
</dataflow>
<dataflow id="336" from="stg_334" to="empty_8" fromId="334" toId="67">
</dataflow>
<dataflow id="337" from="stg_334" to="empty_8" fromId="334" toId="67">
</dataflow>
<dataflow id="338" from="ff" to="ff_1" fromId="65" toId="68">
</dataflow>
<dataflow id="339" from="stg_224" to="ff_1" fromId="224" toId="68">
</dataflow>
<dataflow id="340" from="exitcond2" to="stg_69" fromId="66" toId="69">
</dataflow>
<dataflow id="341" from="_ssdm_op_SpecLoopName" to="stg_70" fromId="227" toId="70">
</dataflow>
<dataflow id="343" from="p_str1808" to="stg_70" fromId="342" toId="70">
</dataflow>
<dataflow id="344" from="_ssdm_op_SpecRegionBegin" to="tmp_11" fromId="231" toId="71">
</dataflow>
<dataflow id="345" from="p_str1808" to="tmp_11" fromId="342" toId="71">
</dataflow>
<dataflow id="346" from="ff" to="tmp_6_cast" fromId="65" toId="72">
</dataflow>
<dataflow id="347" from="_ssdm_op_BitConcatenate.i9.i5.i4" to="tmp_12" fromId="255" toId="73">
</dataflow>
<dataflow id="348" from="ff" to="tmp_12" fromId="65" toId="73">
</dataflow>
<dataflow id="349" from="stg_253" to="tmp_12" fromId="253" toId="73">
</dataflow>
<dataflow id="350" from="tmp_12" to="tmp_32_cast" fromId="73" toId="74">
</dataflow>
<dataflow id="352" from="_ssdm_op_BitConcatenate.i7.i5.i2" to="tmp_13" fromId="351" toId="75">
</dataflow>
<dataflow id="353" from="ff" to="tmp_13" fromId="65" toId="75">
</dataflow>
<dataflow id="355" from="stg_354" to="tmp_13" fromId="354" toId="75">
</dataflow>
<dataflow id="356" from="tmp_13" to="p_shl2_cast" fromId="75" toId="76">
</dataflow>
<dataflow id="357" from="p_shl2_cast" to="tmp_17" fromId="76" toId="77">
</dataflow>
<dataflow id="358" from="tmp_6_cast" to="tmp_17" fromId="72" toId="77">
</dataflow>
<dataflow id="359" from="tmp_17" to="tmp_34_cast" fromId="77" toId="78">
</dataflow>
<dataflow id="360" from="v2_0_V_addr" to="v2_0_V_load" fromId="12" toId="80">
</dataflow>
<dataflow id="361" from="stg_208" to="yy" fromId="208" toId="81">
<condition id="88">
<or_exp><and_exp><literal name="exitcond2" val="0"/>
</and_exp></or_exp>
</condition>
</dataflow>
<dataflow id="362" from="stg_79" to="yy" fromId="79" toId="81">
</dataflow>
<dataflow id="363" from="yy_1" to="yy" fromId="84" toId="81">
<BackEdge/>
<condition id="89">
<or_exp><and_exp><literal name="exitcond5" val="1"/>
</and_exp></or_exp>
</condition>
</dataflow>
<dataflow id="364" from="stg_107" to="yy" fromId="107" toId="81">
<BackEdge/>
</dataflow>
<dataflow id="365" from="yy" to="exitcond4" fromId="81" toId="82">
</dataflow>
<dataflow id="366" from="stg_331" to="exitcond4" fromId="331" toId="82">
</dataflow>
<dataflow id="367" from="_ssdm_op_SpecLoopTripCount" to="empty_9" fromId="217" toId="83">
</dataflow>
<dataflow id="368" from="stg_334" to="empty_9" fromId="334" toId="83">
</dataflow>
<dataflow id="369" from="stg_334" to="empty_9" fromId="334" toId="83">
</dataflow>
<dataflow id="370" from="stg_334" to="empty_9" fromId="334" toId="83">
</dataflow>
<dataflow id="371" from="yy" to="yy_1" fromId="81" toId="84">
</dataflow>
<dataflow id="372" from="stg_224" to="yy_1" fromId="224" toId="84">
</dataflow>
<dataflow id="373" from="exitcond4" to="stg_85" fromId="82" toId="85">
</dataflow>
<dataflow id="374" from="_ssdm_op_SpecLoopName" to="stg_86" fromId="227" toId="86">
</dataflow>
<dataflow id="376" from="p_str1809" to="stg_86" fromId="375" toId="86">
</dataflow>
<dataflow id="377" from="_ssdm_op_SpecRegionBegin" to="tmp_24" fromId="231" toId="87">
</dataflow>
<dataflow id="378" from="p_str1809" to="tmp_24" fromId="375" toId="87">
</dataflow>
<dataflow id="379" from="yy" to="tmp_12_cast" fromId="81" toId="88">
</dataflow>
<dataflow id="380" from="tmp_12_cast" to="tmp_25" fromId="88" toId="89">
</dataflow>
<dataflow id="381" from="tmp_32_cast" to="tmp_25" fromId="74" toId="89">
</dataflow>
<dataflow id="383" from="_ssdm_op_BitConcatenate.i14.i10.i4" to="tmp_39_cast" fromId="382" toId="90">
</dataflow>
<dataflow id="384" from="tmp_25" to="tmp_39_cast" fromId="89" toId="90">
</dataflow>
<dataflow id="385" from="stg_253" to="tmp_39_cast" fromId="253" toId="90">
</dataflow>
<dataflow id="386" from="stg_331" to="tmp_15" fromId="331" toId="91">
</dataflow>
<dataflow id="387" from="yy" to="tmp_15" fromId="81" toId="91">
</dataflow>
<dataflow id="388" from="tmp_15" to="tmp_15_cast" fromId="91" toId="92">
</dataflow>
<dataflow id="389" from="_ssdm_op_SpecRegionEnd" to="empty_16" fromId="299" toId="94">
</dataflow>
<dataflow id="390" from="p_str1808" to="empty_16" fromId="342" toId="94">
</dataflow>
<dataflow id="391" from="tmp_11" to="empty_16" fromId="71" toId="94">
</dataflow>
<dataflow id="392" from="stg_208" to="xx" fromId="208" toId="96">
<condition id="90">
<or_exp><and_exp><literal name="exitcond4" val="0"/>
</and_exp></or_exp>
</condition>
</dataflow>
<dataflow id="393" from="stg_93" to="xx" fromId="93" toId="96">
</dataflow>
<dataflow id="394" from="xx_1" to="xx" fromId="99" toId="96">
<BackEdge/>
<condition id="91">
<or_exp><and_exp><literal name="exitcond6" val="1"/>
</and_exp></or_exp>
</condition>
</dataflow>
<dataflow id="395" from="stg_138" to="xx" fromId="138" toId="96">
<BackEdge/>
</dataflow>
<dataflow id="396" from="xx" to="exitcond5" fromId="96" toId="97">
</dataflow>
<dataflow id="397" from="stg_331" to="exitcond5" fromId="331" toId="97">
</dataflow>
<dataflow id="398" from="_ssdm_op_SpecLoopTripCount" to="empty_10" fromId="217" toId="98">
</dataflow>
<dataflow id="399" from="stg_334" to="empty_10" fromId="334" toId="98">
</dataflow>
<dataflow id="400" from="stg_334" to="empty_10" fromId="334" toId="98">
</dataflow>
<dataflow id="401" from="stg_334" to="empty_10" fromId="334" toId="98">
</dataflow>
<dataflow id="402" from="xx" to="xx_1" fromId="96" toId="99">
</dataflow>
<dataflow id="403" from="stg_224" to="xx_1" fromId="224" toId="99">
</dataflow>
<dataflow id="404" from="exitcond5" to="stg_100" fromId="97" toId="100">
</dataflow>
<dataflow id="405" from="_ssdm_op_SpecLoopName" to="stg_101" fromId="227" toId="101">
</dataflow>
<dataflow id="407" from="p_str1810" to="stg_101" fromId="406" toId="101">
</dataflow>
<dataflow id="408" from="_ssdm_op_SpecRegionBegin" to="tmp_26" fromId="231" toId="102">
</dataflow>
<dataflow id="409" from="p_str1810" to="tmp_26" fromId="406" toId="102">
</dataflow>
<dataflow id="410" from="stg_331" to="tmp_21" fromId="331" toId="103">
</dataflow>
<dataflow id="411" from="xx" to="tmp_21" fromId="96" toId="103">
</dataflow>
<dataflow id="412" from="tmp_21" to="tmp_21_cast" fromId="103" toId="104">
</dataflow>
<dataflow id="413" from="_ssdm_op_SpecRegionEnd" to="empty_15" fromId="299" toId="106">
</dataflow>
<dataflow id="414" from="p_str1809" to="empty_15" fromId="375" toId="106">
</dataflow>
<dataflow id="415" from="tmp_24" to="empty_15" fromId="87" toId="106">
</dataflow>
<dataflow id="417" from="stg_416" to="v28_V" fromId="416" toId="108">
<condition id="92">
<or_exp><and_exp><literal name="exitcond5" val="0"/>
</and_exp></or_exp>
</condition>
</dataflow>
<dataflow id="418" from="stg_105" to="v28_V" fromId="105" toId="108">
</dataflow>
<dataflow id="419" from="v26_V" to="v28_V" fromId="139" toId="108">
<BackEdge/>
<condition id="93">
<or_exp><and_exp><literal name="exitcond" val="1"/>
</and_exp></or_exp>
</condition>
</dataflow>
<dataflow id="420" from="stg_160" to="v28_V" fromId="160" toId="108">
<BackEdge/>
</dataflow>
<dataflow id="421" from="stg_354" to="ry" fromId="354" toId="109">
<condition id="94">
<or_exp><and_exp><literal name="exitcond5" val="0"/>
</and_exp></or_exp>
</condition>
</dataflow>
<dataflow id="422" from="stg_105" to="ry" fromId="105" toId="109">
</dataflow>
<dataflow id="423" from="ry_1" to="ry" fromId="114" toId="109">
<BackEdge/>
<condition id="95">
<or_exp><and_exp><literal name="exitcond" val="1"/>
</and_exp></or_exp>
</condition>
</dataflow>
<dataflow id="424" from="stg_160" to="ry" fromId="160" toId="109">
<BackEdge/>
</dataflow>
<dataflow id="425" from="ry" to="ry_cast" fromId="109" toId="110">
</dataflow>
<dataflow id="426" from="ry" to="ry_cast1" fromId="109" toId="111">
</dataflow>
<dataflow id="427" from="ry" to="exitcond6" fromId="109" toId="112">
</dataflow>
<dataflow id="429" from="stg_428" to="exitcond6" fromId="428" toId="112">
</dataflow>
<dataflow id="430" from="_ssdm_op_SpecLoopTripCount" to="empty_11" fromId="217" toId="113">
</dataflow>
<dataflow id="432" from="stg_431" to="empty_11" fromId="431" toId="113">
</dataflow>
<dataflow id="433" from="stg_431" to="empty_11" fromId="431" toId="113">
</dataflow>
<dataflow id="434" from="stg_431" to="empty_11" fromId="431" toId="113">
</dataflow>
<dataflow id="435" from="ry" to="ry_1" fromId="109" toId="114">
</dataflow>
<dataflow id="437" from="stg_436" to="ry_1" fromId="436" toId="114">
</dataflow>
<dataflow id="438" from="exitcond6" to="stg_115" fromId="112" toId="115">
</dataflow>
<dataflow id="439" from="_ssdm_op_SpecLoopName" to="stg_116" fromId="227" toId="116">
</dataflow>
<dataflow id="441" from="p_str1811" to="stg_116" fromId="440" toId="116">
</dataflow>
<dataflow id="442" from="_ssdm_op_SpecRegionBegin" to="tmp_28" fromId="231" toId="117">
</dataflow>
<dataflow id="443" from="p_str1811" to="tmp_28" fromId="440" toId="117">
</dataflow>
<dataflow id="444" from="yy" to="tmp_14" fromId="81" toId="118">
</dataflow>
<dataflow id="445" from="ry_cast" to="tmp_14" fromId="110" toId="118">
</dataflow>
<dataflow id="446" from="tmp_15_cast" to="tmp_16" fromId="92" toId="119">
</dataflow>
<dataflow id="447" from="ry_cast1" to="tmp_16" fromId="111" toId="119">
</dataflow>
<dataflow id="448" from="_ssdm_op_BitConcatenate.i9.i5.i4" to="tmp_29" fromId="255" toId="120">
</dataflow>
<dataflow id="449" from="tmp_14" to="tmp_29" fromId="118" toId="120">
</dataflow>
<dataflow id="450" from="stg_253" to="tmp_29" fromId="253" toId="120">
</dataflow>
<dataflow id="451" from="tmp_29" to="p_shl4_cast" fromId="120" toId="121">
</dataflow>
<dataflow id="452" from="_ssdm_op_BitConcatenate.i6.i5.i1" to="tmp_30" fromId="260" toId="122">
</dataflow>
<dataflow id="453" from="tmp_14" to="tmp_30" fromId="118" toId="122">
</dataflow>
<dataflow id="454" from="stg_263" to="tmp_30" fromId="263" toId="122">
</dataflow>
<dataflow id="455" from="tmp_30" to="p_shl5_cast" fromId="122" toId="123">
</dataflow>
<dataflow id="456" from="p_shl4_cast" to="tmp_31" fromId="121" toId="124">
</dataflow>
<dataflow id="457" from="p_shl5_cast" to="tmp_31" fromId="123" toId="124">
</dataflow>
<dataflow id="458" from="ry" to="tmp_18_cast" fromId="109" toId="125">
</dataflow>
<dataflow id="459" from="tmp_18_cast" to="tmp_32" fromId="125" toId="126">
</dataflow>
<dataflow id="460" from="tmp_34_cast" to="tmp_32" fromId="78" toId="126">
</dataflow>
<dataflow id="461" from="tmp_32" to="tmp_33" fromId="126" toId="127">
</dataflow>
<dataflow id="463" from="stg_462" to="tmp_33" fromId="462" toId="127">
</dataflow>
<dataflow id="464" from="tmp_33" to="tmp_34" fromId="127" toId="128">
</dataflow>
<dataflow id="465" from="tmp_32" to="tmp_34" fromId="126" toId="128">
</dataflow>
<dataflow id="466" from="tmp_14" to="p_not1" fromId="118" toId="129">
</dataflow>
<dataflow id="467" from="stg_208" to="p_not1" fromId="208" toId="129">
</dataflow>
<dataflow id="468" from="_ssdm_op_BitSelect.i1.i6.i32" to="tmp_35" fromId="239" toId="130">
</dataflow>
<dataflow id="469" from="tmp_16" to="tmp_35" fromId="119" toId="130">
</dataflow>
<dataflow id="470" from="stg_242" to="tmp_35" fromId="242" toId="130">
</dataflow>
<dataflow id="471" from="xx" to="tmp_13_cast" fromId="96" toId="132">
</dataflow>
<dataflow id="472" from="tmp_39_cast" to="tmp_27" fromId="90" toId="133">
</dataflow>
<dataflow id="473" from="tmp_13_cast" to="tmp_27" fromId="132" toId="133">
</dataflow>
<dataflow id="474" from="tmp_27" to="tmp_40_cast" fromId="133" toId="134">
</dataflow>
<dataflow id="475" from="v2_0_V" to="v2_0_V_addr_1" fromId="200" toId="135">
</dataflow>
<dataflow id="476" from="stg_203" to="v2_0_V_addr_1" fromId="203" toId="135">
</dataflow>
<dataflow id="477" from="tmp_40_cast" to="v2_0_V_addr_1" fromId="134" toId="135">
</dataflow>
<dataflow id="478" from="v28_V" to="stg_136" fromId="108" toId="136">
</dataflow>
<dataflow id="479" from="v2_0_V_addr_1" to="stg_136" fromId="135" toId="136">
</dataflow>
<dataflow id="480" from="_ssdm_op_SpecRegionEnd" to="empty_14" fromId="299" toId="137">
</dataflow>
<dataflow id="481" from="p_str1810" to="empty_14" fromId="406" toId="137">
</dataflow>
<dataflow id="482" from="tmp_26" to="empty_14" fromId="102" toId="137">
</dataflow>
<dataflow id="483" from="v28_V" to="v26_V" fromId="108" toId="139">
<condition id="96">
<or_exp><and_exp><literal name="exitcond6" val="0"/>
</and_exp></or_exp>
</condition>
</dataflow>
<dataflow id="484" from="stg_131" to="v26_V" fromId="131" toId="139">
</dataflow>
<dataflow id="485" from="v27_V" to="v26_V" fromId="175" toId="139">
<BackEdge/>
<condition id="97">
<or_exp><and_exp></and_exp></or_exp>
</condition>
</dataflow>
<dataflow id="486" from="stg_176" to="v26_V" fromId="176" toId="139">
<BackEdge/>
</dataflow>
<dataflow id="487" from="stg_354" to="rx" fromId="354" toId="140">
<condition id="98">
<or_exp><and_exp><literal name="exitcond6" val="0"/>
</and_exp></or_exp>
</condition>
</dataflow>
<dataflow id="488" from="stg_131" to="rx" fromId="131" toId="140">
</dataflow>
<dataflow id="489" from="rx_1" to="rx" fromId="145" toId="140">
<BackEdge/>
<condition id="99">
<or_exp><and_exp></and_exp></or_exp>
</condition>
</dataflow>
<dataflow id="490" from="stg_176" to="rx" fromId="176" toId="140">
<BackEdge/>
</dataflow>
<dataflow id="491" from="rx" to="rx_cast" fromId="140" toId="141">
</dataflow>
<dataflow id="492" from="rx" to="rx_cast1" fromId="140" toId="142">
</dataflow>
<dataflow id="493" from="rx" to="exitcond" fromId="140" toId="143">
</dataflow>
<dataflow id="494" from="stg_428" to="exitcond" fromId="428" toId="143">
</dataflow>
<dataflow id="495" from="_ssdm_op_SpecLoopTripCount" to="empty_12" fromId="217" toId="144">
</dataflow>
<dataflow id="496" from="stg_431" to="empty_12" fromId="431" toId="144">
</dataflow>
<dataflow id="497" from="stg_431" to="empty_12" fromId="431" toId="144">
</dataflow>
<dataflow id="498" from="stg_431" to="empty_12" fromId="431" toId="144">
</dataflow>
<dataflow id="499" from="rx" to="rx_1" fromId="140" toId="145">
</dataflow>
<dataflow id="500" from="stg_436" to="rx_1" fromId="436" toId="145">
</dataflow>
<dataflow id="501" from="exitcond" to="stg_146" fromId="143" toId="146">
</dataflow>
<dataflow id="502" from="rx_cast" to="tmp_19" fromId="141" toId="147">
</dataflow>
<dataflow id="503" from="xx" to="tmp_19" fromId="96" toId="147">
</dataflow>
<dataflow id="504" from="tmp_19" to="tmp_23_cast" fromId="147" toId="148">
</dataflow>
<dataflow id="505" from="tmp_23_cast" to="tmp_37" fromId="148" toId="149">
</dataflow>
<dataflow id="506" from="tmp_31" to="tmp_37" fromId="124" toId="149">
</dataflow>
<dataflow id="507" from="tmp_37" to="tmp_47_cast" fromId="149" toId="150">
</dataflow>
<dataflow id="508" from="conv1_pad_0_0" to="conv1_pad_0_0_addr_1" fromId="13" toId="151">
</dataflow>
<dataflow id="509" from="stg_203" to="conv1_pad_0_0_addr_1" fromId="203" toId="151">
</dataflow>
<dataflow id="510" from="tmp_47_cast" to="conv1_pad_0_0_addr_1" fromId="150" toId="151">
</dataflow>
<dataflow id="511" from="conv1_pad_0_0_addr_1" to="v16" fromId="151" toId="152">
</dataflow>
<dataflow id="512" from="rx" to="tmp_24_cast" fromId="140" toId="153">
</dataflow>
<dataflow id="513" from="tmp_24_cast" to="tmp_38" fromId="153" toId="154">
</dataflow>
<dataflow id="514" from="tmp_34" to="tmp_38" fromId="128" toId="154">
</dataflow>
<dataflow id="515" from="tmp_38" to="tmp_48_cast" fromId="154" toId="155">
</dataflow>
<dataflow id="516" from="w_conv1_new_0" to="w_conv1_new_0_addr" fromId="201" toId="156">
</dataflow>
<dataflow id="517" from="stg_203" to="w_conv1_new_0_addr" fromId="203" toId="156">
</dataflow>
<dataflow id="518" from="tmp_48_cast" to="w_conv1_new_0_addr" fromId="155" toId="156">
</dataflow>
<dataflow id="519" from="w_conv1_new_0_addr" to="v19" fromId="156" toId="157">
</dataflow>
<dataflow id="520" from="tmp_19" to="sel_tmp" fromId="147" toId="158">
</dataflow>
<dataflow id="521" from="stg_208" to="sel_tmp" fromId="208" toId="158">
</dataflow>
<dataflow id="522" from="_ssdm_op_SpecRegionEnd" to="empty_13" fromId="299" toId="159">
</dataflow>
<dataflow id="523" from="p_str1811" to="empty_13" fromId="440" toId="159">
</dataflow>
<dataflow id="524" from="tmp_28" to="empty_13" fromId="117" toId="159">
</dataflow>
<dataflow id="525" from="_ssdm_op_SpecLoopName" to="stg_161" fromId="227" toId="161">
</dataflow>
<dataflow id="527" from="p_str1812" to="stg_161" fromId="526" toId="161">
</dataflow>
<dataflow id="528" from="tmp_21_cast" to="tmp_22" fromId="104" toId="162">
</dataflow>
<dataflow id="529" from="rx_cast1" to="tmp_22" fromId="142" toId="162">
</dataflow>
<dataflow id="530" from="_ssdm_op_BitSelect.i1.i6.i32" to="tmp_36" fromId="239" toId="163">
</dataflow>
<dataflow id="531" from="tmp_22" to="tmp_36" fromId="162" toId="163">
</dataflow>
<dataflow id="532" from="stg_242" to="tmp_36" fromId="242" toId="163">
</dataflow>
<dataflow id="533" from="conv1_pad_0_0_addr_1" to="v16" fromId="151" toId="164">
</dataflow>
<dataflow id="534" from="v16" to="not_v" fromId="164" toId="165">
</dataflow>
<dataflow id="535" from="stg_245" to="not_v" fromId="245" toId="165">
</dataflow>
<dataflow id="536" from="w_conv1_new_0_addr" to="v19" fromId="156" toId="166">
</dataflow>
<dataflow id="537" from="v19" to="v4" fromId="166" toId="167">
</dataflow>
<dataflow id="538" from="not_v" to="v4" fromId="165" toId="167">
</dataflow>
<dataflow id="540" from="_ssdm_op_BitConcatenate.i2.i1.i1" to="v5" fromId="539" toId="168">
</dataflow>
<dataflow id="541" from="v4" to="v5" fromId="167" toId="168">
</dataflow>
<dataflow id="542" from="stg_263" to="v5" fromId="263" toId="168">
</dataflow>
<dataflow id="543" from="v5" to="v24_V" fromId="168" toId="169">
</dataflow>
<dataflow id="544" from="stg_428" to="v24_V" fromId="428" toId="169">
</dataflow>
<dataflow id="545" from="tmp_36" to="tmp7" fromId="163" toId="170">
</dataflow>
<dataflow id="546" from="p_not1" to="tmp7" fromId="129" toId="170">
</dataflow>
<dataflow id="547" from="tmp_35" to="tmp8" fromId="130" toId="171">
</dataflow>
<dataflow id="548" from="sel_tmp" to="tmp8" fromId="158" toId="171">
</dataflow>
<dataflow id="549" from="tmp8" to="sel_tmp2" fromId="171" toId="172">
</dataflow>
<dataflow id="550" from="tmp7" to="sel_tmp2" fromId="170" toId="172">
</dataflow>
<dataflow id="551" from="sel_tmp2" to="p_s" fromId="172" toId="173">
</dataflow>
<dataflow id="552" from="stg_354" to="p_s" fromId="354" toId="173">
</dataflow>
<dataflow id="553" from="v24_V" to="p_s" fromId="169" toId="173">
</dataflow>
<dataflow id="554" from="p_s" to="p_cast" fromId="173" toId="174">
</dataflow>
<dataflow id="555" from="p_cast" to="v27_V" fromId="174" toId="175">
</dataflow>
<dataflow id="556" from="v26_V" to="v27_V" fromId="139" toId="175">
</dataflow>
<dataflow id="557" from="v2_0_V_addr" to="v2_0_V_load" fromId="12" toId="177">
</dataflow>
<dataflow id="558" from="v2_0_V_load" to="stg_178" fromId="177" toId="178">
</dataflow>
<dataflow id="559" from="exitcond1" to="stg_2" fromId="17" toId="2">
</dataflow>
<dataflow id="560" from="exitcond3" to="stg_3" fromId="38" toId="3">
</dataflow>
<dataflow id="561" from="exitcond2" to="stg_5" fromId="66" toId="5">
</dataflow>
<dataflow id="562" from="exitcond4" to="stg_6" fromId="82" toId="6">
</dataflow>
<dataflow id="563" from="exitcond5" to="stg_7" fromId="97" toId="7">
</dataflow>
<dataflow id="564" from="exitcond6" to="stg_8" fromId="112" toId="8">
</dataflow>
<dataflow id="565" from="exitcond" to="stg_9" fromId="143" toId="9">
</dataflow>
</dataflows>


</stg>
