<stg><name>dut_top</name>


<trans_list>

<trans id="179" from="1" to="2">
<condition id="38">
<or_exp><and_exp></and_exp></or_exp>
</condition>
</trans>

<trans id="180" from="2" to="5">
<condition id="40">
<or_exp><and_exp><literal name="exitcond1" val="1"/>
</and_exp></or_exp>
</condition>
</trans>

<trans id="181" from="2" to="3">
<condition id="42">
<or_exp><and_exp><literal name="exitcond1" val="0"/>
</and_exp></or_exp>
</condition>
</trans>

<trans id="182" from="3" to="4">
<condition id="43">
<or_exp><and_exp><literal name="exitcond3" val="0"/>
</and_exp></or_exp>
</condition>
</trans>

<trans id="185" from="3" to="2">
<condition id="48">
<or_exp><and_exp><literal name="exitcond3" val="1"/>
</and_exp></or_exp>
</condition>
</trans>

<trans id="184" from="4" to="3">
<condition id="46">
<or_exp><and_exp></and_exp></or_exp>
</condition>
</trans>

<trans id="186" from="5" to="11">
<condition id="49">
<or_exp><and_exp><literal name="exitcond2" val="1"/>
</and_exp></or_exp>
</condition>
</trans>

<trans id="187" from="5" to="6">
<condition id="51">
<or_exp><and_exp><literal name="exitcond2" val="0"/>
</and_exp></or_exp>
</condition>
</trans>

<trans id="188" from="6" to="7">
<condition id="53">
<or_exp><and_exp><literal name="exitcond4" val="0"/>
</and_exp></or_exp>
</condition>
</trans>

<trans id="197" from="6" to="5">
<condition id="69">
<or_exp><and_exp><literal name="exitcond4" val="1"/>
</and_exp></or_exp>
</condition>
</trans>

<trans id="189" from="7" to="8">
<condition id="55">
<or_exp><and_exp><literal name="exitcond5" val="0"/>
</and_exp></or_exp>
</condition>
</trans>

<trans id="196" from="7" to="6">
<condition id="67">
<or_exp><and_exp><literal name="exitcond5" val="1"/>
</and_exp></or_exp>
</condition>
</trans>

<trans id="190" from="8" to="9">
<condition id="57">
<or_exp><and_exp><literal name="exitcond6" val="0"/>
</and_exp></or_exp>
</condition>
</trans>

<trans id="195" from="8" to="7">
<condition id="65">
<or_exp><and_exp><literal name="exitcond6" val="1"/>
</and_exp></or_exp>
</condition>
</trans>

<trans id="191" from="9" to="10">
<condition id="58">
<or_exp><and_exp><literal name="exitcond" val="0"/>
</and_exp></or_exp>
</condition>
</trans>

<trans id="194" from="9" to="8">
<condition id="63">
<or_exp><and_exp><literal name="exitcond" val="1"/>
</and_exp></or_exp>
</condition>
</trans>

<trans id="193" from="10" to="9">
<condition id="61">
<or_exp><and_exp></and_exp></or_exp>
</condition>
</trans>
</trans_list>



<state_list>

<state id="1" st_id="1">

<operation id="12" st_id="1" stage="1" lat="1">
<core>NULL</core>
<MemPortIdVec></MemPortIdVec>
<condition id="0">
<or_exp><and_exp></and_exp></or_exp>
</condition>

<node id="4" bw="12" op_0_bw="6" op_1_bw="64" op_2_bw="64">
<![CDATA[
:0  %v2_0_V_addr = getelementptr [4096 x i6]* %v2_0_V, i64 0, i64 0

]]></node>
<StgValue><ssdm name="v2_0_V_addr"/></StgValue>
</operation>

<operation id="13" st_id="1" stage="1" lat="1">
<core>RAM</core>
<MemPortIdVec></MemPortIdVec>
<condition id="0">
<or_exp><and_exp></and_exp></or_exp>
</condition>

<node id="5" bw="1" op_0_bw="64">
<![CDATA[
:1  %conv1_pad_0_0 = alloca [324 x i1], align 1

]]></node>
<StgValue><ssdm name="conv1_pad_0_0"/></StgValue>
</operation>

<operation id="14" st_id="1" stage="1" lat="1">
<core>NULL</core>
<MemPortIdVec></MemPortIdVec>
<condition id="0">
<or_exp><and_exp></and_exp></or_exp>
</condition>

<node id="6" bw="0" op_0_bw="0">
<![CDATA[
:2  br label %1

]]></node>
<StgValue><ssdm name=""/></StgValue>
</operation>
</state>

<state id="2" st_id="2">

<operation id="15" st_id="2" stage="1" lat="1">
<core>NULL</core>
<MemPortIdVec></MemPortIdVec>
<condition id="1">
<or_exp><and_exp></and_exp></or_exp>
</condition>

<node id="8" bw="5" op_0_bw="5" op_1_bw="0">
<![CDATA[
:0  %hh = phi i5 [ 0, %0 ], [ %hh_1, %4 ]

]]></node>
<StgValue><ssdm name="hh"/></StgValue>
</operation>

<operation id="16" st_id="2" stage="1" lat="1">
<core>NULL</core>
<MemPortIdVec></MemPortIdVec>
<condition id="1">
<or_exp><and_exp></and_exp></or_exp>
</condition>

<node id="9" bw="6" op_0_bw="5">
<![CDATA[
:1  %hh_cast = zext i5 %hh to i6

]]></node>
<StgValue><ssdm name="hh_cast"/></StgValue>
</operation>

<operation id="17" st_id="2" stage="1" lat="1">
<core>Cmp</core>
<MemPortIdVec></MemPortIdVec>
<condition id="1">
<or_exp><and_exp></and_exp></or_exp>
</condition>

<node id="10" bw="1" op_0_bw="5" op_1_bw="5">
<![CDATA[
:2  %exitcond1 = icmp eq i5 %hh, -14

]]></node>
<StgValue><ssdm name="exitcond1"/></StgValue>
</operation>

<operation id="18" st_id="2" stage="1" lat="1">
<core>NULL</core>
<MemPortIdVec></MemPortIdVec>
<condition id="1">
<or_exp><and_exp></and_exp></or_exp>
</condition>

<node id="11" bw="32" op_0_bw="32" op_1_bw="64" op_2_bw="64" op_3_bw="64">
<![CDATA[
:3  %empty = call i32 (...)* @_ssdm_op_SpecLoopTripCount(i64 18, i64 18, i64 18)

]]></node>
<StgValue><ssdm name="empty"/></StgValue>
</operation>

<operation id="19" st_id="2" stage="1" lat="1">
<core>AddSub</core>
<MemPortIdVec></MemPortIdVec>
<condition id="1">
<or_exp><and_exp></and_exp></or_exp>
</condition>

<node id="12" bw="5" op_0_bw="5" op_1_bw="5">
<![CDATA[
:4  %hh_1 = add i5 %hh, 1

]]></node>
<StgValue><ssdm name="hh_1"/></StgValue>
</operation>

<operation id="20" st_id="2" stage="1" lat="1">
<core>NULL</core>
<MemPortIdVec></MemPortIdVec>
<condition id="1">
<or_exp><and_exp></and_exp></or_exp>
</condition>

<node id="13" bw="0" op_0_bw="1" op_1_bw="0" op_2_bw="0">
<![CDATA[
:5  br i1 %exitcond1, label %.preheader, label %2

]]></node>
<StgValue><ssdm name=""/></StgValue>
</operation>

<operation id="21" st_id="2" stage="1" lat="1">
<core>NULL</core>
<MemPortIdVec></MemPortIdVec>
<condition id="3">
<or_exp><and_exp><literal name="exitcond1" val="0"/>
</and_exp></or_exp>
</condition>

<node id="15" bw="0" op_0_bw="0" op_1_bw="0">
<![CDATA[
:0  call void (...)* @_ssdm_op_SpecLoopName([5 x i8]* @p_str1806) nounwind

]]></node>
<StgValue><ssdm name=""/></StgValue>
</operation>

<operation id="22" st_id="2" stage="1" lat="1">
<core>NULL</core>
<MemPortIdVec></MemPortIdVec>
<condition id="3">
<or_exp><and_exp><literal name="exitcond1" val="0"/>
</and_exp></or_exp>
</condition>

<node id="16" bw="32" op_0_bw="32" op_1_bw="0">
<![CDATA[
:1  %tmp_4 = call i32 (...)* @_ssdm_op_SpecRegionBegin([5 x i8]* @p_str1806)

]]></node>
<StgValue><ssdm name="tmp_4"/></StgValue>
</operation>

<operation id="23" st_id="2" stage="1" lat="1">
<core>Cmp</core>
<MemPortIdVec></MemPortIdVec>
<condition id="3">
<or_exp><and_exp><literal name="exitcond1" val="0"/>
</and_exp></or_exp>
</condition>

<node id="17" bw="1" op_0_bw="5" op_1_bw="5">
<![CDATA[
:2  %tmp = icmp ne i5 %hh, 0

]]></node>
<StgValue><ssdm name="tmp"/></StgValue>
</operation>

<operation id="24" st_id="2" stage="1" lat="1">
<core>AddSub</core>
<MemPortIdVec></MemPortIdVec>
<condition id="3">
<or_exp><and_exp><literal name="exitcond1" val="0"/>
</and_exp></or_exp>
</condition>

<node id="18" bw="6" op_0_bw="6" op_1_bw="6">
<![CDATA[
:3  %tmp_1 = sub i6 16, %hh_cast

]]></node>
<StgValue><ssdm name="tmp_1"/></StgValue>
</operation>

<operation id="25" st_id="2" stage="1" lat="1">
<core>NULL</core>
<MemPortIdVec></MemPortIdVec>
<condition id="3">
<or_exp><and_exp><literal name="exitcond1" val="0"/>
</and_exp></or_exp>
</condition>

<node id="19" bw="1" op_0_bw="1" op_1_bw="6" op_2_bw="32">
<![CDATA[
:4  %tmp_2 = call i1 @_ssdm_op_BitSelect.i1.i6.i32(i6 %tmp_1, i32 5)

]]></node>
<StgValue><ssdm name="tmp_2"/></StgValue>
</operation>

<operation id="26" st_id="2" stage="1" lat="1">
<core>LogicGate</core>
<MemPortIdVec></MemPortIdVec>
<condition id="3">
<or_exp><and_exp><literal name="exitcond1" val="0"/>
</and_exp></or_exp>
</condition>

<node id="20" bw="1" op_0_bw="1" op_1_bw="1">
<![CDATA[
:5  %rev = xor i1 %tmp_2, true

]]></node>
<StgValue><ssdm name="rev"/></StgValue>
</operation>

<operation id="27" st_id="2" stage="1" lat="1">
<core>AddSub</core>
<MemPortIdVec></MemPortIdVec>
<condition id="3">
<or_exp><and_exp><literal name="exitcond1" val="0"/>
</and_exp></or_exp>
</condition>

<node id="21" bw="6" op_0_bw="6" op_1_bw="6">
<![CDATA[
:6  %tmp_3 = add i6 %hh_cast, -1

]]></node>
<StgValue><ssdm name="tmp_3"/></StgValue>
</operation>

<operation id="28" st_id="2" stage="1" lat="1">
<core>NULL</core>
<MemPortIdVec></MemPortIdVec>
<condition id="3">
<or_exp><and_exp><literal name="exitcond1" val="0"/>
</and_exp></or_exp>
</condition>

<node id="22" bw="10" op_0_bw="10" op_1_bw="6" op_2_bw="4">
<![CDATA[
:7  %tmp_5 = call i10 @_ssdm_op_BitConcatenate.i10.i6.i4(i6 %tmp_3, i4 0)

]]></node>
<StgValue><ssdm name="tmp_5"/></StgValue>
</operation>

<operation id="29" st_id="2" stage="1" lat="1">
<core>NULL</core>
<MemPortIdVec></MemPortIdVec>
<condition id="3">
<or_exp><and_exp><literal name="exitcond1" val="0"/>
</and_exp></or_exp>
</condition>

<node id="23" bw="9" op_0_bw="9" op_1_bw="5" op_2_bw="4">
<![CDATA[
:8  %tmp_s = call i9 @_ssdm_op_BitConcatenate.i9.i5.i4(i5 %hh, i4 0)

]]></node>
<StgValue><ssdm name="tmp_s"/></StgValue>
</operation>

<operation id="30" st_id="2" stage="1" lat="1">
<core>NULL</core>
<MemPortIdVec></MemPortIdVec>
<condition id="3">
<or_exp><and_exp><literal name="exitcond1" val="0"/>
</and_exp></or_exp>
</condition>

<node id="24" bw="10" op_0_bw="9">
<![CDATA[
:9  %p_shl_cast = zext i9 %tmp_s to i10

]]></node>
<StgValue><ssdm name="p_shl_cast"/></StgValue>
</operation>

<operation id="31" st_id="2" stage="1" lat="1">
<core>NULL</core>
<MemPortIdVec></MemPortIdVec>
<condition id="3">
<or_exp><and_exp><literal name="exitcond1" val="0"/>
</and_exp></or_exp>
</condition>

<node id="25" bw="6" op_0_bw="6" op_1_bw="5" op_2_bw="1">
<![CDATA[
:10  %tmp_6 = call i6 @_ssdm_op_BitConcatenate.i6.i5.i1(i5 %hh, i1 false)

]]></node>
<StgValue><ssdm name="tmp_6"/></StgValue>
</operation>

<operation id="32" st_id="2" stage="1" lat="1">
<core>NULL</core>
<MemPortIdVec></MemPortIdVec>
<condition id="3">
<or_exp><and_exp><literal name="exitcond1" val="0"/>
</and_exp></or_exp>
</condition>

<node id="26" bw="10" op_0_bw="6">
<![CDATA[
:11  %p_shl1_cast = zext i6 %tmp_6 to i10

]]></node>
<StgValue><ssdm name="p_shl1_cast"/></StgValue>
</operation>

<operation id="33" st_id="2" stage="1" lat="1">
<core>AddSub</core>
<MemPortIdVec></MemPortIdVec>
<condition id="3">
<or_exp><and_exp><literal name="exitcond1" val="0"/>
</and_exp></or_exp>
</condition>

<node id="27" bw="10" op_0_bw="10" op_1_bw="10">
<![CDATA[
:12  %tmp_10 = add i10 %p_shl1_cast, %p_shl_cast

]]></node>
<StgValue><ssdm name="tmp_10"/></StgValue>
</operation>

<operation id="34" st_id="2" stage="1" lat="1">
<core>LogicGate</core>
<MemPortIdVec></MemPortIdVec>
<condition id="3">
<or_exp><and_exp><literal name="exitcond1" val="0"/>
</and_exp></or_exp>
</condition>

<node id="28" bw="1" op_0_bw="1" op_1_bw="1">
<![CDATA[
:13  %tmp6 = and i1 %tmp, %rev

]]></node>
<StgValue><ssdm name="tmp6"/></StgValue>
</operation>

<operation id="35" st_id="2" stage="1" lat="1">
<core>NULL</core>
<MemPortIdVec></MemPortIdVec>
<condition id="3">
<or_exp><and_exp><literal name="exitcond1" val="0"/>
</and_exp></or_exp>
</condition>

<node id="29" bw="0" op_0_bw="0">
<![CDATA[
:14  br label %3

]]></node>
<StgValue><ssdm name=""/></StgValue>
</operation>
</state>

<state id="3" st_id="3">

<operation id="36" st_id="3" stage="1" lat="1">
<core>NULL</core>
<MemPortIdVec></MemPortIdVec>
<condition id="4">
<or_exp><and_exp></and_exp></or_exp>
</condition>

<node id="31" bw="5" op_0_bw="5" op_1_bw="0">
<![CDATA[
:0  %ww = phi i5 [ 0, %2 ], [ %ww_1, %_ifconv ]

]]></node>
<StgValue><ssdm name="ww"/></StgValue>
</operation>

<operation id="37" st_id="3" stage="1" lat="1">
<core>NULL</core>
<MemPortIdVec></MemPortIdVec>
<condition id="4">
<or_exp><and_exp></and_exp></or_exp>
</condition>

<node id="32" bw="6" op_0_bw="5">
<![CDATA[
:1  %ww_cast = zext i5 %ww to i6

]]></node>
<StgValue><ssdm name="ww_cast"/></StgValue>
</operation>

<operation id="38" st_id="3" stage="1" lat="1">
<core>Cmp</core>
<MemPortIdVec></MemPortIdVec>
<condition id="4">
<or_exp><and_exp></and_exp></or_exp>
</condition>

<node id="33" bw="1" op_0_bw="5" op_1_bw="5">
<![CDATA[
:2  %exitcond3 = icmp eq i5 %ww, -14

]]></node>
<StgValue><ssdm name="exitcond3"/></StgValue>
</operation>

<operation id="39" st_id="3" stage="1" lat="1">
<core>NULL</core>
<MemPortIdVec></MemPortIdVec>
<condition id="4">
<or_exp><and_exp></and_exp></or_exp>
</condition>

<node id="34" bw="32" op_0_bw="32" op_1_bw="64" op_2_bw="64" op_3_bw="64">
<![CDATA[
:3  %empty_6 = call i32 (...)* @_ssdm_op_SpecLoopTripCount(i64 18, i64 18, i64 18)

]]></node>
<StgValue><ssdm name="empty_6"/></StgValue>
</operation>

<operation id="40" st_id="3" stage="1" lat="1">
<core>AddSub</core>
<MemPortIdVec></MemPortIdVec>
<condition id="4">
<or_exp><and_exp></and_exp></or_exp>
</condition>

<node id="35" bw="5" op_0_bw="5" op_1_bw="5">
<![CDATA[
:4  %ww_1 = add i5 %ww, 1

]]></node>
<StgValue><ssdm name="ww_1"/></StgValue>
</operation>

<operation id="41" st_id="3" stage="1" lat="1">
<core>NULL</core>
<MemPortIdVec></MemPortIdVec>
<condition id="4">
<or_exp><and_exp></and_exp></or_exp>
</condition>

<node id="36" bw="0" op_0_bw="1" op_1_bw="0" op_2_bw="0">
<![CDATA[
:5  br i1 %exitcond3, label %4, label %_ifconv

]]></node>
<StgValue><ssdm name=""/></StgValue>
</operation>

<operation id="42" st_id="3" stage="1" lat="1">
<core>Cmp</core>
<MemPortIdVec></MemPortIdVec>
<condition id="6">
<or_exp><and_exp><literal name="exitcond3" val="0"/>
</and_exp></or_exp>
</condition>

<node id="39" bw="1" op_0_bw="5" op_1_bw="5">
<![CDATA[
_ifconv:1  %tmp_8 = icmp ne i5 %ww, 0

]]></node>
<StgValue><ssdm name="tmp_8"/></StgValue>
</operation>

<operation id="43" st_id="3" stage="1" lat="1">
<core>AddSub</core>
<MemPortIdVec></MemPortIdVec>
<condition id="6">
<or_exp><and_exp><literal name="exitcond3" val="0"/>
</and_exp></or_exp>
</condition>

<node id="43" bw="6" op_0_bw="6" op_1_bw="6">
<![CDATA[
_ifconv:5  %tmp_7 = add i6 %ww_cast, -1

]]></node>
<StgValue><ssdm name="tmp_7"/></StgValue>
</operation>

<operation id="44" st_id="3" stage="1" lat="1">
<core>NULL</core>
<MemPortIdVec></MemPortIdVec>
<condition id="6">
<or_exp><and_exp><literal name="exitcond3" val="0"/>
</and_exp></or_exp>
</condition>

<node id="44" bw="10" op_0_bw="6">
<![CDATA[
_ifconv:6  %tmp_10_cast = sext i6 %tmp_7 to i10

]]></node>
<StgValue><ssdm name="tmp_10_cast"/></StgValue>
</operation>

<operation id="45" st_id="3" stage="1" lat="1">
<core>AddSub</core>
<MemPortIdVec></MemPortIdVec>
<condition id="6">
<or_exp><and_exp><literal name="exitcond3" val="0"/>
</and_exp></or_exp>
</condition>

<node id="45" bw="10" op_0_bw="10" op_1_bw="10">
<![CDATA[
_ifconv:7  %tmp_20 = add i10 %tmp_10_cast, %tmp_5

]]></node>
<StgValue><ssdm name="tmp_20"/></StgValue>
</operation>

<operation id="46" st_id="3" stage="1" lat="1">
<core>NULL</core>
<MemPortIdVec></MemPortIdVec>
<condition id="6">
<or_exp><and_exp><literal name="exitcond3" val="0"/>
</and_exp></or_exp>
</condition>

<node id="46" bw="64" op_0_bw="10">
<![CDATA[
_ifconv:8  %tmp_35_cast = sext i10 %tmp_20 to i64

]]></node>
<StgValue><ssdm name="tmp_35_cast"/></StgValue>
</operation>

<operation id="47" st_id="3" stage="1" lat="1">
<core>NULL</core>
<MemPortIdVec></MemPortIdVec>
<condition id="6">
<or_exp><and_exp><literal name="exitcond3" val="0"/>
</and_exp></or_exp>
</condition>

<node id="47" bw="8" op_0_bw="1" op_1_bw="64" op_2_bw="64">
<![CDATA[
_ifconv:9  %v0_addr = getelementptr [256 x i1]* %v0, i64 0, i64 %tmp_35_cast

]]></node>
<StgValue><ssdm name="v0_addr"/></StgValue>
</operation>

<operation id="48" st_id="3" stage="2" lat="2">
<core>RAM</core>
<MemPortIdVec></MemPortIdVec>
<condition id="6">
<or_exp><and_exp><literal name="exitcond3" val="0"/>
</and_exp></or_exp>
</condition>

<node id="48" bw="1" op_0_bw="8">
<![CDATA[
_ifconv:10  %v7 = load i1* %v0_addr, align 1

]]></node>
<StgValue><ssdm name="v7"/></StgValue>
</operation>

<operation id="49" st_id="3" stage="1" lat="1">
<core>NULL</core>
<MemPortIdVec></MemPortIdVec>
<condition id="6">
<or_exp><and_exp><literal name="exitcond3" val="0"/>
</and_exp></or_exp>
</condition>

<node id="52" bw="10" op_0_bw="5">
<![CDATA[
_ifconv:14  %tmp_11_cast = zext i5 %ww to i10

]]></node>
<StgValue><ssdm name="tmp_11_cast"/></StgValue>
</operation>

<operation id="50" st_id="3" stage="1" lat="1">
<core>AddSub</core>
<MemPortIdVec></MemPortIdVec>
<condition id="6">
<or_exp><and_exp><literal name="exitcond3" val="0"/>
</and_exp></or_exp>
</condition>

<node id="53" bw="10" op_0_bw="10" op_1_bw="10">
<![CDATA[
_ifconv:15  %tmp_23 = add i10 %tmp_11_cast, %tmp_10

]]></node>
<StgValue><ssdm name="tmp_23"/></StgValue>
</operation>

<operation id="51" st_id="3" stage="1" lat="1">
<core>NULL</core>
<MemPortIdVec></MemPortIdVec>
<condition id="8">
<or_exp><and_exp><literal name="exitcond3" val="1"/>
</and_exp></or_exp>
</condition>

<node id="59" bw="32" op_0_bw="32" op_1_bw="0" op_2_bw="32">
<![CDATA[
:0  %empty_7 = call i32 (...)* @_ssdm_op_SpecRegionEnd([5 x i8]* @p_str1806, i32 %tmp_4)

]]></node>
<StgValue><ssdm name="empty_7"/></StgValue>
</operation>

<operation id="52" st_id="3" stage="1" lat="1">
<core>NULL</core>
<MemPortIdVec></MemPortIdVec>
<condition id="8">
<or_exp><and_exp><literal name="exitcond3" val="1"/>
</and_exp></or_exp>
</condition>

<node id="60" bw="0" op_0_bw="0">
<![CDATA[
:1  br label %1

]]></node>
<StgValue><ssdm name=""/></StgValue>
</operation>
</state>

<state id="4" st_id="4">

<operation id="53" st_id="4" stage="1" lat="1">
<core>NULL</core>
<MemPortIdVec></MemPortIdVec>
<condition id="9">
<or_exp><and_exp></and_exp></or_exp>
</condition>

<node id="38" bw="0" op_0_bw="0" op_1_bw="0">
<![CDATA[
_ifconv:0  call void (...)* @_ssdm_op_SpecLoopName([5 x i8]* @p_str1807) nounwind

]]></node>
<StgValue><ssdm name=""/></StgValue>
</operation>

<operation id="54" st_id="4" stage="1" lat="1">
<core>AddSub</core>
<MemPortIdVec></MemPortIdVec>
<condition id="9">
<or_exp><and_exp></and_exp></or_exp>
</condition>

<node id="40" bw="6" op_0_bw="6" op_1_bw="6">
<![CDATA[
_ifconv:2  %tmp_9 = sub i6 16, %ww_cast

]]></node>
<StgValue><ssdm name="tmp_9"/></StgValue>
</operation>

<operation id="55" st_id="4" stage="1" lat="1">
<core>NULL</core>
<MemPortIdVec></MemPortIdVec>
<condition id="9">
<or_exp><and_exp></and_exp></or_exp>
</condition>

<node id="41" bw="1" op_0_bw="1" op_1_bw="6" op_2_bw="32">
<![CDATA[
_ifconv:3  %tmp_18 = call i1 @_ssdm_op_BitSelect.i1.i6.i32(i6 %tmp_9, i32 5)

]]></node>
<StgValue><ssdm name="tmp_18"/></StgValue>
</operation>

<operation id="56" st_id="4" stage="1" lat="1">
<core>LogicGate</core>
<MemPortIdVec></MemPortIdVec>
<condition id="9">
<or_exp><and_exp></and_exp></or_exp>
</condition>

<node id="42" bw="1" op_0_bw="1" op_1_bw="1">
<![CDATA[
_ifconv:4  %rev9 = xor i1 %tmp_18, true

]]></node>
<StgValue><ssdm name="rev9"/></StgValue>
</operation>

<operation id="57" st_id="4" stage="1" lat="2">
<core>RAM</core>
<MemPortIdVec></MemPortIdVec>
<condition id="9">
<or_exp><and_exp></and_exp></or_exp>
</condition>

<node id="48" bw="1" op_0_bw="8">
<![CDATA[
_ifconv:10  %v7 = load i1* %v0_addr, align 1

]]></node>
<StgValue><ssdm name="v7"/></StgValue>
</operation>

<operation id="58" st_id="4" stage="1" lat="1">
<core>LogicGate</core>
<MemPortIdVec></MemPortIdVec>
<condition id="9">
<or_exp><and_exp></and_exp></or_exp>
</condition>

<node id="49" bw="1" op_0_bw="1" op_1_bw="1">
<![CDATA[
_ifconv:11  %tmp4 = and i1 %v7, %tmp_8

]]></node>
<StgValue><ssdm name="tmp4"/></StgValue>
</operation>

<operation id="59" st_id="4" stage="1" lat="1">
<core>LogicGate</core>
<MemPortIdVec></MemPortIdVec>
<condition id="9">
<or_exp><and_exp></and_exp></or_exp>
</condition>

<node id="50" bw="1" op_0_bw="1" op_1_bw="1">
<![CDATA[
_ifconv:12  %tmp5 = and i1 %tmp6, %rev9

]]></node>
<StgValue><ssdm name="tmp5"/></StgValue>
</operation>

<operation id="60" st_id="4" stage="1" lat="1">
<core>LogicGate</core>
<MemPortIdVec></MemPortIdVec>
<condition id="9">
<or_exp><and_exp></and_exp></or_exp>
</condition>

<node id="51" bw="1" op_0_bw="1" op_1_bw="1">
<![CDATA[
_ifconv:13  %v = and i1 %tmp5, %tmp4

]]></node>
<StgValue><ssdm name="v"/></StgValue>
</operation>

<operation id="61" st_id="4" stage="1" lat="1">
<core>NULL</core>
<MemPortIdVec></MemPortIdVec>
<condition id="9">
<or_exp><and_exp></and_exp></or_exp>
</condition>

<node id="54" bw="64" op_0_bw="10">
<![CDATA[
_ifconv:16  %tmp_36_cast = zext i10 %tmp_23 to i64

]]></node>
<StgValue><ssdm name="tmp_36_cast"/></StgValue>
</operation>

<operation id="62" st_id="4" stage="1" lat="1">
<core>NULL</core>
<MemPortIdVec></MemPortIdVec>
<condition id="9">
<or_exp><and_exp></and_exp></or_exp>
</condition>

<node id="55" bw="9" op_0_bw="1" op_1_bw="64" op_2_bw="64">
<![CDATA[
_ifconv:17  %conv1_pad_0_0_addr = getelementptr [324 x i1]* %conv1_pad_0_0, i64 0, i64 %tmp_36_cast

]]></node>
<StgValue><ssdm name="conv1_pad_0_0_addr"/></StgValue>
</operation>

<operation id="63" st_id="4" stage="1" lat="1">
<core>RAM</core>
<MemPortIdVec></MemPortIdVec>
<condition id="9">
<or_exp><and_exp></and_exp></or_exp>
</condition>

<node id="56" bw="0" op_0_bw="1" op_1_bw="9">
<![CDATA[
_ifconv:18  store i1 %v, i1* %conv1_pad_0_0_addr, align 1

]]></node>
<StgValue><ssdm name=""/></StgValue>
</operation>

<operation id="64" st_id="4" stage="1" lat="1">
<core>NULL</core>
<MemPortIdVec></MemPortIdVec>
<condition id="9">
<or_exp><and_exp></and_exp></or_exp>
</condition>

<node id="57" bw="0" op_0_bw="0">
<![CDATA[
_ifconv:19  br label %3

]]></node>
<StgValue><ssdm name=""/></StgValue>
</operation>
</state>

<state id="5" st_id="5">

<operation id="65" st_id="5" stage="1" lat="1">
<core>NULL</core>
<MemPortIdVec></MemPortIdVec>
<condition id="10">
<or_exp><and_exp></and_exp></or_exp>
</condition>

<node id="62" bw="5" op_0_bw="5" op_1_bw="0">
<![CDATA[
.preheader:0  %ff = phi i5 [ %ff_1, %16 ], [ 0, %1 ]

]]></node>
<StgValue><ssdm name="ff"/></StgValue>
</operation>

<operation id="66" st_id="5" stage="1" lat="1">
<core>Cmp</core>
<MemPortIdVec></MemPortIdVec>
<condition id="10">
<or_exp><and_exp></and_exp></or_exp>
</condition>

<node id="63" bw="1" op_0_bw="5" op_1_bw="5">
<![CDATA[
.preheader:1  %exitcond2 = icmp eq i5 %ff, -16

]]></node>
<StgValue><ssdm name="exitcond2"/></StgValue>
</operation>

<operation id="67" st_id="5" stage="1" lat="1">
<core>NULL</core>
<MemPortIdVec></MemPortIdVec>
<condition id="10">
<or_exp><and_exp></and_exp></or_exp>
</condition>

<node id="64" bw="32" op_0_bw="32" op_1_bw="64" op_2_bw="64" op_3_bw="64">
<![CDATA[
.preheader:2  %empty_8 = call i32 (...)* @_ssdm_op_SpecLoopTripCount(i64 16, i64 16, i64 16)

]]></node>
<StgValue><ssdm name="empty_8"/></StgValue>
</operation>

<operation id="68" st_id="5" stage="1" lat="1">
<core>AddSub</core>
<MemPortIdVec></MemPortIdVec>
<condition id="10">
<or_exp><and_exp></and_exp></or_exp>
</condition>

<node id="65" bw="5" op_0_bw="5" op_1_bw="5">
<![CDATA[
.preheader:3  %ff_1 = add i5 %ff, 1

]]></node>
<StgValue><ssdm name="ff_1"/></StgValue>
</operation>

<operation id="69" st_id="5" stage="1" lat="1">
<core>NULL</core>
<MemPortIdVec></MemPortIdVec>
<condition id="10">
<or_exp><and_exp></and_exp></or_exp>
</condition>

<node id="66" bw="0" op_0_bw="1" op_1_bw="0" op_2_bw="0">
<![CDATA[
.preheader:4  br i1 %exitcond2, label %17, label %5

]]></node>
<StgValue><ssdm name=""/></StgValue>
</operation>

<operation id="70" st_id="5" stage="1" lat="1">
<core>NULL</core>
<MemPortIdVec></MemPortIdVec>
<condition id="12">
<or_exp><and_exp><literal name="exitcond2" val="0"/>
</and_exp></or_exp>
</condition>

<node id="68" bw="0" op_0_bw="0" op_1_bw="0">
<![CDATA[
:0  call void (...)* @_ssdm_op_SpecLoopName([5 x i8]* @p_str1808) nounwind

]]></node>
<StgValue><ssdm name=""/></StgValue>
</operation>

<operation id="71" st_id="5" stage="1" lat="1">
<core>NULL</core>
<MemPortIdVec></MemPortIdVec>
<condition id="12">
<or_exp><and_exp><literal name="exitcond2" val="0"/>
</and_exp></or_exp>
</condition>

<node id="69" bw="32" op_0_bw="32" op_1_bw="0">
<![CDATA[
:1  %tmp_11 = call i32 (...)* @_ssdm_op_SpecRegionBegin([5 x i8]* @p_str1808)

]]></node>
<StgValue><ssdm name="tmp_11"/></StgValue>
</operation>

<operation id="72" st_id="5" stage="1" lat="1">
<core>NULL</core>
<MemPortIdVec></MemPortIdVec>
<condition id="12">
<or_exp><and_exp><literal name="exitcond2" val="0"/>
</and_exp></or_exp>
</condition>

<node id="70" bw="8" op_0_bw="5">
<![CDATA[
:2  %tmp_6_cast = zext i5 %ff to i8

]]></node>
<StgValue><ssdm name="tmp_6_cast"/></StgValue>
</operation>

<operation id="73" st_id="5" stage="1" lat="1">
<core>NULL</core>
<MemPortIdVec></MemPortIdVec>
<condition id="12">
<or_exp><and_exp><literal name="exitcond2" val="0"/>
</and_exp></or_exp>
</condition>

<node id="71" bw="9" op_0_bw="9" op_1_bw="5" op_2_bw="4">
<![CDATA[
:3  %tmp_12 = call i9 @_ssdm_op_BitConcatenate.i9.i5.i4(i5 %ff, i4 0)

]]></node>
<StgValue><ssdm name="tmp_12"/></StgValue>
</operation>

<operation id="74" st_id="5" stage="1" lat="1">
<core>NULL</core>
<MemPortIdVec></MemPortIdVec>
<condition id="12">
<or_exp><and_exp><literal name="exitcond2" val="0"/>
</and_exp></or_exp>
</condition>

<node id="72" bw="10" op_0_bw="9">
<![CDATA[
:4  %tmp_32_cast = zext i9 %tmp_12 to i10

]]></node>
<StgValue><ssdm name="tmp_32_cast"/></StgValue>
</operation>

<operation id="75" st_id="5" stage="1" lat="1">
<core>NULL</core>
<MemPortIdVec></MemPortIdVec>
<condition id="12">
<or_exp><and_exp><literal name="exitcond2" val="0"/>
</and_exp></or_exp>
</condition>

<node id="73" bw="7" op_0_bw="7" op_1_bw="5" op_2_bw="2">
<![CDATA[
:5  %tmp_13 = call i7 @_ssdm_op_BitConcatenate.i7.i5.i2(i5 %ff, i2 0)

]]></node>
<StgValue><ssdm name="tmp_13"/></StgValue>
</operation>

<operation id="76" st_id="5" stage="1" lat="1">
<core>NULL</core>
<MemPortIdVec></MemPortIdVec>
<condition id="12">
<or_exp><and_exp><literal name="exitcond2" val="0"/>
</and_exp></or_exp>
</condition>

<node id="74" bw="8" op_0_bw="7">
<![CDATA[
:6  %p_shl2_cast = zext i7 %tmp_13 to i8

]]></node>
<StgValue><ssdm name="p_shl2_cast"/></StgValue>
</operation>

<operation id="77" st_id="5" stage="1" lat="1">
<core>AddSub</core>
<MemPortIdVec></MemPortIdVec>
<condition id="12">
<or_exp><and_exp><literal name="exitcond2" val="0"/>
</and_exp></or_exp>
</condition>

<node id="75" bw="8" op_0_bw="8" op_1_bw="8">
<![CDATA[
:7  %tmp_17 = sub i8 %p_shl2_cast, %tmp_6_cast

]]></node>
<StgValue><ssdm name="tmp_17"/></StgValue>
</operation>

<operation id="78" st_id="5" stage="1" lat="1">
<core>NULL</core>
<MemPortIdVec></MemPortIdVec>
<condition id="12">
<or_exp><and_exp><literal name="exitcond2" val="0"/>
</and_exp></or_exp>
</condition>

<node id="76" bw="9" op_0_bw="8">
<![CDATA[
:8  %tmp_34_cast = sext i8 %tmp_17 to i9

]]></node>
<StgValue><ssdm name="tmp_34_cast"/></StgValue>
</operation>

<operation id="79" st_id="5" stage="1" lat="1">
<core>NULL</core>
<MemPortIdVec></MemPortIdVec>
<condition id="12">
<or_exp><and_exp><literal name="exitcond2" val="0"/>
</and_exp></or_exp>
</condition>

<node id="77" bw="0" op_0_bw="0">
<![CDATA[
:9  br label %6

]]></node>
<StgValue><ssdm name=""/></StgValue>
</operation>

<operation id="80" st_id="5" stage="2" lat="2">
<core>RAM</core>
<MemPortIdVec></MemPortIdVec>
<condition id="14">
<or_exp><and_exp><literal name="exitcond2" val="1"/>
</and_exp></or_exp>
</condition>

<node id="185" bw="6" op_0_bw="12">
<![CDATA[
:0  %v2_0_V_load = load i6* %v2_0_V_addr, align 1

]]></node>
<StgValue><ssdm name="v2_0_V_load"/></StgValue>
</operation>
</state>

<state id="6" st_id="6">

<operation id="81" st_id="6" stage="1" lat="1">
<core>NULL</core>
<MemPortIdVec></MemPortIdVec>
<condition id="15">
<or_exp><and_exp></and_exp></or_exp>
</condition>

<node id="79" bw="5" op_0_bw="5" op_1_bw="0">
<![CDATA[
:0  %yy = phi i5 [ 0, %5 ], [ %yy_1, %15 ]

]]></node>
<StgValue><ssdm name="yy"/></StgValue>
</operation>

<operation id="82" st_id="6" stage="1" lat="1">
<core>Cmp</core>
<MemPortIdVec></MemPortIdVec>
<condition id="15">
<or_exp><and_exp></and_exp></or_exp>
</condition>

<node id="80" bw="1" op_0_bw="5" op_1_bw="5">
<![CDATA[
:1  %exitcond4 = icmp eq i5 %yy, -16

]]></node>
<StgValue><ssdm name="exitcond4"/></StgValue>
</operation>

<operation id="83" st_id="6" stage="1" lat="1">
<core>NULL</core>
<MemPortIdVec></MemPortIdVec>
<condition id="15">
<or_exp><and_exp></and_exp></or_exp>
</condition>

<node id="81" bw="32" op_0_bw="32" op_1_bw="64" op_2_bw="64" op_3_bw="64">
<![CDATA[
:2  %empty_9 = call i32 (...)* @_ssdm_op_SpecLoopTripCount(i64 16, i64 16, i64 16)

]]></node>
<StgValue><ssdm name="empty_9"/></StgValue>
</operation>

<operation id="84" st_id="6" stage="1" lat="1">
<core>AddSub</core>
<MemPortIdVec></MemPortIdVec>
<condition id="15">
<or_exp><and_exp></and_exp></or_exp>
</condition>

<node id="82" bw="5" op_0_bw="5" op_1_bw="5">
<![CDATA[
:3  %yy_1 = add i5 %yy, 1

]]></node>
<StgValue><ssdm name="yy_1"/></StgValue>
</operation>

<operation id="85" st_id="6" stage="1" lat="1">
<core>NULL</core>
<MemPortIdVec></MemPortIdVec>
<condition id="15">
<or_exp><and_exp></and_exp></or_exp>
</condition>

<node id="83" bw="0" op_0_bw="1" op_1_bw="0" op_2_bw="0">
<![CDATA[
:4  br i1 %exitcond4, label %16, label %7

]]></node>
<StgValue><ssdm name=""/></StgValue>
</operation>

<operation id="86" st_id="6" stage="1" lat="1">
<core>NULL</core>
<MemPortIdVec></MemPortIdVec>
<condition id="17">
<or_exp><and_exp><literal name="exitcond4" val="0"/>
</and_exp></or_exp>
</condition>

<node id="85" bw="0" op_0_bw="0" op_1_bw="0">
<![CDATA[
:0  call void (...)* @_ssdm_op_SpecLoopName([5 x i8]* @p_str1809) nounwind

]]></node>
<StgValue><ssdm name=""/></StgValue>
</operation>

<operation id="87" st_id="6" stage="1" lat="1">
<core>NULL</core>
<MemPortIdVec></MemPortIdVec>
<condition id="17">
<or_exp><and_exp><literal name="exitcond4" val="0"/>
</and_exp></or_exp>
</condition>

<node id="86" bw="32" op_0_bw="32" op_1_bw="0">
<![CDATA[
:1  %tmp_24 = call i32 (...)* @_ssdm_op_SpecRegionBegin([5 x i8]* @p_str1809)

]]></node>
<StgValue><ssdm name="tmp_24"/></StgValue>
</operation>

<operation id="88" st_id="6" stage="1" lat="1">
<core>NULL</core>
<MemPortIdVec></MemPortIdVec>
<condition id="17">
<or_exp><and_exp><literal name="exitcond4" val="0"/>
</and_exp></or_exp>
</condition>

<node id="87" bw="10" op_0_bw="5">
<![CDATA[
:2  %tmp_12_cast = zext i5 %yy to i10

]]></node>
<StgValue><ssdm name="tmp_12_cast"/></StgValue>
</operation>

<operation id="89" st_id="6" stage="1" lat="1">
<core>AddSub</core>
<MemPortIdVec></MemPortIdVec>
<condition id="17">
<or_exp><and_exp><literal name="exitcond4" val="0"/>
</and_exp></or_exp>
</condition>

<node id="88" bw="10" op_0_bw="10" op_1_bw="10">
<![CDATA[
:3  %tmp_25 = add i10 %tmp_12_cast, %tmp_32_cast

]]></node>
<StgValue><ssdm name="tmp_25"/></StgValue>
</operation>

<operation id="90" st_id="6" stage="1" lat="1">
<core>NULL</core>
<MemPortIdVec></MemPortIdVec>
<condition id="17">
<or_exp><and_exp><literal name="exitcond4" val="0"/>
</and_exp></or_exp>
</condition>

<node id="89" bw="14" op_0_bw="14" op_1_bw="10" op_2_bw="4">
<![CDATA[
:4  %tmp_39_cast = call i14 @_ssdm_op_BitConcatenate.i14.i10.i4(i10 %tmp_25, i4 0)

]]></node>
<StgValue><ssdm name="tmp_39_cast"/></StgValue>
</operation>

<operation id="91" st_id="6" stage="1" lat="1">
<core>AddSub</core>
<MemPortIdVec></MemPortIdVec>
<condition id="17">
<or_exp><and_exp><literal name="exitcond4" val="0"/>
</and_exp></or_exp>
</condition>

<node id="90" bw="5" op_0_bw="5" op_1_bw="5">
<![CDATA[
:5  %tmp_15 = sub i5 -16, %yy

]]></node>
<StgValue><ssdm name="tmp_15"/></StgValue>
</operation>

<operation id="92" st_id="6" stage="1" lat="1">
<core>NULL</core>
<MemPortIdVec></MemPortIdVec>
<condition id="17">
<or_exp><and_exp><literal name="exitcond4" val="0"/>
</and_exp></or_exp>
</condition>

<node id="91" bw="6" op_0_bw="5">
<![CDATA[
:6  %tmp_15_cast = zext i5 %tmp_15 to i6

]]></node>
<StgValue><ssdm name="tmp_15_cast"/></StgValue>
</operation>

<operation id="93" st_id="6" stage="1" lat="1">
<core>NULL</core>
<MemPortIdVec></MemPortIdVec>
<condition id="17">
<or_exp><and_exp><literal name="exitcond4" val="0"/>
</and_exp></or_exp>
</condition>

<node id="92" bw="0" op_0_bw="0">
<![CDATA[
:7  br label %8

]]></node>
<StgValue><ssdm name=""/></StgValue>
</operation>

<operation id="94" st_id="6" stage="1" lat="1">
<core>NULL</core>
<MemPortIdVec></MemPortIdVec>
<condition id="19">
<or_exp><and_exp><literal name="exitcond4" val="1"/>
</and_exp></or_exp>
</condition>

<node id="182" bw="32" op_0_bw="32" op_1_bw="0" op_2_bw="32">
<![CDATA[
:0  %empty_16 = call i32 (...)* @_ssdm_op_SpecRegionEnd([5 x i8]* @p_str1808, i32 %tmp_11)

]]></node>
<StgValue><ssdm name="empty_16"/></StgValue>
</operation>

<operation id="95" st_id="6" stage="1" lat="1">
<core>NULL</core>
<MemPortIdVec></MemPortIdVec>
<condition id="19">
<or_exp><and_exp><literal name="exitcond4" val="1"/>
</and_exp></or_exp>
</condition>

<node id="183" bw="0" op_0_bw="0">
<![CDATA[
:1  br label %.preheader

]]></node>
<StgValue><ssdm name=""/></StgValue>
</operation>
</state>

<state id="7" st_id="7">

<operation id="96" st_id="7" stage="1" lat="1">
<core>NULL</core>
<MemPortIdVec></MemPortIdVec>
<condition id="20">
<or_exp><and_exp></and_exp></or_exp>
</condition>

<node id="94" bw="5" op_0_bw="5" op_1_bw="0">
<![CDATA[
:0  %xx = phi i5 [ 0, %7 ], [ %xx_1, %14 ]

]]></node>
<StgValue><ssdm name="xx"/></StgValue>
</operation>

<operation id="97" st_id="7" stage="1" lat="1">
<core>Cmp</core>
<MemPortIdVec></MemPortIdVec>
<condition id="20">
<or_exp><and_exp></and_exp></or_exp>
</condition>

<node id="95" bw="1" op_0_bw="5" op_1_bw="5">
<![CDATA[
:1  %exitcond5 = icmp eq i5 %xx, -16

]]></node>
<StgValue><ssdm name="exitcond5"/></StgValue>
</operation>

<operation id="98" st_id="7" stage="1" lat="1">
<core>NULL</core>
<MemPortIdVec></MemPortIdVec>
<condition id="20">
<or_exp><and_exp></and_exp></or_exp>
</condition>

<node id="96" bw="32" op_0_bw="32" op_1_bw="64" op_2_bw="64" op_3_bw="64">
<![CDATA[
:2  %empty_10 = call i32 (...)* @_ssdm_op_SpecLoopTripCount(i64 16, i64 16, i64 16)

]]></node>
<StgValue><ssdm name="empty_10"/></StgValue>
</operation>

<operation id="99" st_id="7" stage="1" lat="1">
<core>AddSub</core>
<MemPortIdVec></MemPortIdVec>
<condition id="20">
<or_exp><and_exp></and_exp></or_exp>
</condition>

<node id="97" bw="5" op_0_bw="5" op_1_bw="5">
<![CDATA[
:3  %xx_1 = add i5 %xx, 1

]]></node>
<StgValue><ssdm name="xx_1"/></StgValue>
</operation>

<operation id="100" st_id="7" stage="1" lat="1">
<core>NULL</core>
<MemPortIdVec></MemPortIdVec>
<condition id="20">
<or_exp><and_exp></and_exp></or_exp>
</condition>

<node id="98" bw="0" op_0_bw="1" op_1_bw="0" op_2_bw="0">
<![CDATA[
:4  br i1 %exitcond5, label %15, label %9

]]></node>
<StgValue><ssdm name=""/></StgValue>
</operation>

<operation id="101" st_id="7" stage="1" lat="1">
<core>NULL</core>
<MemPortIdVec></MemPortIdVec>
<condition id="22">
<or_exp><and_exp><literal name="exitcond5" val="0"/>
</and_exp></or_exp>
</condition>

<node id="100" bw="0" op_0_bw="0" op_1_bw="0">
<![CDATA[
:0  call void (...)* @_ssdm_op_SpecLoopName([5 x i8]* @p_str1810) nounwind

]]></node>
<StgValue><ssdm name=""/></StgValue>
</operation>

<operation id="102" st_id="7" stage="1" lat="1">
<core>NULL</core>
<MemPortIdVec></MemPortIdVec>
<condition id="22">
<or_exp><and_exp><literal name="exitcond5" val="0"/>
</and_exp></or_exp>
</condition>

<node id="101" bw="32" op_0_bw="32" op_1_bw="0">
<![CDATA[
:1  %tmp_26 = call i32 (...)* @_ssdm_op_SpecRegionBegin([5 x i8]* @p_str1810)

]]></node>
<StgValue><ssdm name="tmp_26"/></StgValue>
</operation>

<operation id="103" st_id="7" stage="1" lat="1">
<core>AddSub</core>
<MemPortIdVec></MemPortIdVec>
<condition id="22">
<or_exp><and_exp><literal name="exitcond5" val="0"/>
</and_exp></or_exp>
</condition>

<node id="102" bw="5" op_0_bw="5" op_1_bw="5">
<![CDATA[
:2  %tmp_21 = sub i5 -16, %xx

]]></node>
<StgValue><ssdm name="tmp_21"/></StgValue>
</operation>

<operation id="104" st_id="7" stage="1" lat="1">
<core>NULL</core>
<MemPortIdVec></MemPortIdVec>
<condition id="22">
<or_exp><and_exp><literal name="exitcond5" val="0"/>
</and_exp></or_exp>
</condition>

<node id="103" bw="6" op_0_bw="5">
<![CDATA[
:3  %tmp_21_cast = zext i5 %tmp_21 to i6

]]></node>
<StgValue><ssdm name="tmp_21_cast"/></StgValue>
</operation>

<operation id="105" st_id="7" stage="1" lat="1">
<core>NULL</core>
<MemPortIdVec></MemPortIdVec>
<condition id="22">
<or_exp><and_exp><literal name="exitcond5" val="0"/>
</and_exp></or_exp>
</condition>

<node id="104" bw="0" op_0_bw="0">
<![CDATA[
:4  br label %10

]]></node>
<StgValue><ssdm name=""/></StgValue>
</operation>

<operation id="106" st_id="7" stage="1" lat="1">
<core>NULL</core>
<MemPortIdVec></MemPortIdVec>
<condition id="24">
<or_exp><and_exp><literal name="exitcond5" val="1"/>
</and_exp></or_exp>
</condition>

<node id="179" bw="32" op_0_bw="32" op_1_bw="0" op_2_bw="32">
<![CDATA[
:0  %empty_15 = call i32 (...)* @_ssdm_op_SpecRegionEnd([5 x i8]* @p_str1809, i32 %tmp_24)

]]></node>
<StgValue><ssdm name="empty_15"/></StgValue>
</operation>

<operation id="107" st_id="7" stage="1" lat="1">
<core>NULL</core>
<MemPortIdVec></MemPortIdVec>
<condition id="24">
<or_exp><and_exp><literal name="exitcond5" val="1"/>
</and_exp></or_exp>
</condition>

<node id="180" bw="0" op_0_bw="0">
<![CDATA[
:1  br label %6

]]></node>
<StgValue><ssdm name=""/></StgValue>
</operation>
</state>

<state id="8" st_id="8">

<operation id="108" st_id="8" stage="1" lat="1">
<core>NULL</core>
<MemPortIdVec></MemPortIdVec>
<condition id="25">
<or_exp><and_exp></and_exp></or_exp>
</condition>

<node id="106" bw="6" op_0_bw="6" op_1_bw="0">
<![CDATA[
:0  %v28_V = phi i6 [ 0, %9 ], [ %v26_V, %13 ]

]]></node>
<StgValue><ssdm name="v28_V"/></StgValue>
</operation>

<operation id="109" st_id="8" stage="1" lat="1">
<core>NULL</core>
<MemPortIdVec></MemPortIdVec>
<condition id="25">
<or_exp><and_exp></and_exp></or_exp>
</condition>

<node id="107" bw="2" op_0_bw="2" op_1_bw="0">
<![CDATA[
:1  %ry = phi i2 [ 0, %9 ], [ %ry_1, %13 ]

]]></node>
<StgValue><ssdm name="ry"/></StgValue>
</operation>

<operation id="110" st_id="8" stage="1" lat="1">
<core>NULL</core>
<MemPortIdVec></MemPortIdVec>
<condition id="25">
<or_exp><and_exp></and_exp></or_exp>
</condition>

<node id="108" bw="5" op_0_bw="2">
<![CDATA[
:2  %ry_cast = zext i2 %ry to i5

]]></node>
<StgValue><ssdm name="ry_cast"/></StgValue>
</operation>

<operation id="111" st_id="8" stage="1" lat="1">
<core>NULL</core>
<MemPortIdVec></MemPortIdVec>
<condition id="25">
<or_exp><and_exp></and_exp></or_exp>
</condition>

<node id="109" bw="6" op_0_bw="2">
<![CDATA[
:3  %ry_cast1 = zext i2 %ry to i6

]]></node>
<StgValue><ssdm name="ry_cast1"/></StgValue>
</operation>

<operation id="112" st_id="8" stage="1" lat="1">
<core>Cmp</core>
<MemPortIdVec></MemPortIdVec>
<condition id="25">
<or_exp><and_exp></and_exp></or_exp>
</condition>

<node id="110" bw="1" op_0_bw="2" op_1_bw="2">
<![CDATA[
:4  %exitcond6 = icmp eq i2 %ry, -1

]]></node>
<StgValue><ssdm name="exitcond6"/></StgValue>
</operation>

<operation id="113" st_id="8" stage="1" lat="1">
<core>NULL</core>
<MemPortIdVec></MemPortIdVec>
<condition id="25">
<or_exp><and_exp></and_exp></or_exp>
</condition>

<node id="111" bw="32" op_0_bw="32" op_1_bw="64" op_2_bw="64" op_3_bw="64">
<![CDATA[
:5  %empty_11 = call i32 (...)* @_ssdm_op_SpecLoopTripCount(i64 3, i64 3, i64 3)

]]></node>
<StgValue><ssdm name="empty_11"/></StgValue>
</operation>

<operation id="114" st_id="8" stage="1" lat="1">
<core>AddSub</core>
<MemPortIdVec></MemPortIdVec>
<condition id="25">
<or_exp><and_exp></and_exp></or_exp>
</condition>

<node id="112" bw="2" op_0_bw="2" op_1_bw="2">
<![CDATA[
:6  %ry_1 = add i2 %ry, 1

]]></node>
<StgValue><ssdm name="ry_1"/></StgValue>
</operation>

<operation id="115" st_id="8" stage="1" lat="1">
<core>NULL</core>
<MemPortIdVec></MemPortIdVec>
<condition id="25">
<or_exp><and_exp></and_exp></or_exp>
</condition>

<node id="113" bw="0" op_0_bw="1" op_1_bw="0" op_2_bw="0">
<![CDATA[
:7  br i1 %exitcond6, label %14, label %11

]]></node>
<StgValue><ssdm name=""/></StgValue>
</operation>

<operation id="116" st_id="8" stage="1" lat="1">
<core>NULL</core>
<MemPortIdVec></MemPortIdVec>
<condition id="27">
<or_exp><and_exp><literal name="exitcond6" val="0"/>
</and_exp></or_exp>
</condition>

<node id="115" bw="0" op_0_bw="0" op_1_bw="0">
<![CDATA[
:0  call void (...)* @_ssdm_op_SpecLoopName([5 x i8]* @p_str1811) nounwind

]]></node>
<StgValue><ssdm name=""/></StgValue>
</operation>

<operation id="117" st_id="8" stage="1" lat="1">
<core>NULL</core>
<MemPortIdVec></MemPortIdVec>
<condition id="27">
<or_exp><and_exp><literal name="exitcond6" val="0"/>
</and_exp></or_exp>
</condition>

<node id="116" bw="32" op_0_bw="32" op_1_bw="0">
<![CDATA[
:1  %tmp_28 = call i32 (...)* @_ssdm_op_SpecRegionBegin([5 x i8]* @p_str1811)

]]></node>
<StgValue><ssdm name="tmp_28"/></StgValue>
</operation>

<operation id="118" st_id="8" stage="1" lat="1">
<core>AddSub</core>
<MemPortIdVec></MemPortIdVec>
<condition id="27">
<or_exp><and_exp><literal name="exitcond6" val="0"/>
</and_exp></or_exp>
</condition>

<node id="117" bw="5" op_0_bw="5" op_1_bw="5">
<![CDATA[
:2  %tmp_14 = add i5 %yy, %ry_cast

]]></node>
<StgValue><ssdm name="tmp_14"/></StgValue>
</operation>

<operation id="119" st_id="8" stage="1" lat="1">
<core>AddSub</core>
<MemPortIdVec></MemPortIdVec>
<condition id="27">
<or_exp><and_exp><literal name="exitcond6" val="0"/>
</and_exp></or_exp>
</condition>

<node id="118" bw="6" op_0_bw="6" op_1_bw="6">
<![CDATA[
:3  %tmp_16 = sub i6 %tmp_15_cast, %ry_cast1

]]></node>
<StgValue><ssdm name="tmp_16"/></StgValue>
</operation>

<operation id="120" st_id="8" stage="1" lat="1">
<core>NULL</core>
<MemPortIdVec></MemPortIdVec>
<condition id="27">
<or_exp><and_exp><literal name="exitcond6" val="0"/>
</and_exp></or_exp>
</condition>

<node id="119" bw="9" op_0_bw="9" op_1_bw="5" op_2_bw="4">
<![CDATA[
:4  %tmp_29 = call i9 @_ssdm_op_BitConcatenate.i9.i5.i4(i5 %tmp_14, i4 0)

]]></node>
<StgValue><ssdm name="tmp_29"/></StgValue>
</operation>

<operation id="121" st_id="8" stage="1" lat="1">
<core>NULL</core>
<MemPortIdVec></MemPortIdVec>
<condition id="27">
<or_exp><and_exp><literal name="exitcond6" val="0"/>
</and_exp></or_exp>
</condition>

<node id="120" bw="10" op_0_bw="9">
<![CDATA[
:5  %p_shl4_cast = zext i9 %tmp_29 to i10

]]></node>
<StgValue><ssdm name="p_shl4_cast"/></StgValue>
</operation>

<operation id="122" st_id="8" stage="1" lat="1">
<core>NULL</core>
<MemPortIdVec></MemPortIdVec>
<condition id="27">
<or_exp><and_exp><literal name="exitcond6" val="0"/>
</and_exp></or_exp>
</condition>

<node id="121" bw="6" op_0_bw="6" op_1_bw="5" op_2_bw="1">
<![CDATA[
:6  %tmp_30 = call i6 @_ssdm_op_BitConcatenate.i6.i5.i1(i5 %tmp_14, i1 false)

]]></node>
<StgValue><ssdm name="tmp_30"/></StgValue>
</operation>

<operation id="123" st_id="8" stage="1" lat="1">
<core>NULL</core>
<MemPortIdVec></MemPortIdVec>
<condition id="27">
<or_exp><and_exp><literal name="exitcond6" val="0"/>
</and_exp></or_exp>
</condition>

<node id="122" bw="10" op_0_bw="6">
<![CDATA[
:7  %p_shl5_cast = zext i6 %tmp_30 to i10

]]></node>
<StgValue><ssdm name="p_shl5_cast"/></StgValue>
</operation>

<operation id="124" st_id="8" stage="1" lat="1">
<core>AddSub</core>
<MemPortIdVec></MemPortIdVec>
<condition id="27">
<or_exp><and_exp><literal name="exitcond6" val="0"/>
</and_exp></or_exp>
</condition>

<node id="123" bw="10" op_0_bw="10" op_1_bw="10">
<![CDATA[
:8  %tmp_31 = add i10 %p_shl4_cast, %p_shl5_cast

]]></node>
<StgValue><ssdm name="tmp_31"/></StgValue>
</operation>

<operation id="125" st_id="8" stage="1" lat="1">
<core>NULL</core>
<MemPortIdVec></MemPortIdVec>
<condition id="27">
<or_exp><and_exp><literal name="exitcond6" val="0"/>
</and_exp></or_exp>
</condition>

<node id="124" bw="9" op_0_bw="2">
<![CDATA[
:9  %tmp_18_cast = zext i2 %ry to i9

]]></node>
<StgValue><ssdm name="tmp_18_cast"/></StgValue>
</operation>

<operation id="126" st_id="8" stage="1" lat="1">
<core>AddSub</core>
<MemPortIdVec></MemPortIdVec>
<condition id="27">
<or_exp><and_exp><literal name="exitcond6" val="0"/>
</and_exp></or_exp>
</condition>

<node id="125" bw="9" op_0_bw="9" op_1_bw="9">
<![CDATA[
:10  %tmp_32 = add i9 %tmp_18_cast, %tmp_34_cast

]]></node>
<StgValue><ssdm name="tmp_32"/></StgValue>
</operation>

<operation id="127" st_id="8" stage="1" lat="1">
<core>NULL</core>
<MemPortIdVec></MemPortIdVec>
<condition id="27">
<or_exp><and_exp><literal name="exitcond6" val="0"/>
</and_exp></or_exp>
</condition>

<node id="126" bw="9" op_0_bw="9" op_1_bw="9">
<![CDATA[
:11  %tmp_33 = shl i9 %tmp_32, 2

]]></node>
<StgValue><ssdm name="tmp_33"/></StgValue>
</operation>

<operation id="128" st_id="8" stage="1" lat="1">
<core>AddSub</core>
<MemPortIdVec></MemPortIdVec>
<condition id="27">
<or_exp><and_exp><literal name="exitcond6" val="0"/>
</and_exp></or_exp>
</condition>

<node id="127" bw="9" op_0_bw="9" op_1_bw="9">
<![CDATA[
:12  %tmp_34 = sub i9 %tmp_33, %tmp_32

]]></node>
<StgValue><ssdm name="tmp_34"/></StgValue>
</operation>

<operation id="129" st_id="8" stage="1" lat="1">
<core>Cmp</core>
<MemPortIdVec></MemPortIdVec>
<condition id="27">
<or_exp><and_exp><literal name="exitcond6" val="0"/>
</and_exp></or_exp>
</condition>

<node id="128" bw="1" op_0_bw="5" op_1_bw="5">
<![CDATA[
:13  %p_not1 = icmp eq i5 %tmp_14, 0

]]></node>
<StgValue><ssdm name="p_not1"/></StgValue>
</operation>

<operation id="130" st_id="8" stage="1" lat="1">
<core>NULL</core>
<MemPortIdVec></MemPortIdVec>
<condition id="27">
<or_exp><and_exp><literal name="exitcond6" val="0"/>
</and_exp></or_exp>
</condition>

<node id="129" bw="1" op_0_bw="1" op_1_bw="6" op_2_bw="32">
<![CDATA[
:14  %tmp_35 = call i1 @_ssdm_op_BitSelect.i1.i6.i32(i6 %tmp_16, i32 5)

]]></node>
<StgValue><ssdm name="tmp_35"/></StgValue>
</operation>

<operation id="131" st_id="8" stage="1" lat="1">
<core>NULL</core>
<MemPortIdVec></MemPortIdVec>
<condition id="27">
<or_exp><and_exp><literal name="exitcond6" val="0"/>
</and_exp></or_exp>
</condition>

<node id="130" bw="0" op_0_bw="0">
<![CDATA[
:15  br label %12

]]></node>
<StgValue><ssdm name=""/></StgValue>
</operation>

<operation id="132" st_id="8" stage="1" lat="1">
<core>NULL</core>
<MemPortIdVec></MemPortIdVec>
<condition id="29">
<or_exp><and_exp><literal name="exitcond6" val="1"/>
</and_exp></or_exp>
</condition>

<node id="171" bw="14" op_0_bw="5">
<![CDATA[
:0  %tmp_13_cast = zext i5 %xx to i14

]]></node>
<StgValue><ssdm name="tmp_13_cast"/></StgValue>
</operation>

<operation id="133" st_id="8" stage="1" lat="1">
<core>AddSub</core>
<MemPortIdVec></MemPortIdVec>
<condition id="29">
<or_exp><and_exp><literal name="exitcond6" val="1"/>
</and_exp></or_exp>
</condition>

<node id="172" bw="14" op_0_bw="14" op_1_bw="14">
<![CDATA[
:1  %tmp_27 = add i14 %tmp_39_cast, %tmp_13_cast

]]></node>
<StgValue><ssdm name="tmp_27"/></StgValue>
</operation>

<operation id="134" st_id="8" stage="1" lat="1">
<core>NULL</core>
<MemPortIdVec></MemPortIdVec>
<condition id="29">
<or_exp><and_exp><literal name="exitcond6" val="1"/>
</and_exp></or_exp>
</condition>

<node id="173" bw="64" op_0_bw="14">
<![CDATA[
:2  %tmp_40_cast = zext i14 %tmp_27 to i64

]]></node>
<StgValue><ssdm name="tmp_40_cast"/></StgValue>
</operation>

<operation id="135" st_id="8" stage="1" lat="1">
<core>NULL</core>
<MemPortIdVec></MemPortIdVec>
<condition id="29">
<or_exp><and_exp><literal name="exitcond6" val="1"/>
</and_exp></or_exp>
</condition>

<node id="174" bw="12" op_0_bw="6" op_1_bw="64" op_2_bw="64">
<![CDATA[
:3  %v2_0_V_addr_1 = getelementptr [4096 x i6]* %v2_0_V, i64 0, i64 %tmp_40_cast

]]></node>
<StgValue><ssdm name="v2_0_V_addr_1"/></StgValue>
</operation>

<operation id="136" st_id="8" stage="1" lat="1">
<core>RAM</core>
<MemPortIdVec></MemPortIdVec>
<condition id="29">
<or_exp><and_exp><literal name="exitcond6" val="1"/>
</and_exp></or_exp>
</condition>

<node id="175" bw="0" op_0_bw="6" op_1_bw="12">
<![CDATA[
:4  store i6 %v28_V, i6* %v2_0_V_addr_1, align 1

]]></node>
<StgValue><ssdm name=""/></StgValue>
</operation>

<operation id="137" st_id="8" stage="1" lat="1">
<core>NULL</core>
<MemPortIdVec></MemPortIdVec>
<condition id="29">
<or_exp><and_exp><literal name="exitcond6" val="1"/>
</and_exp></or_exp>
</condition>

<node id="176" bw="32" op_0_bw="32" op_1_bw="0" op_2_bw="32">
<![CDATA[
:5  %empty_14 = call i32 (...)* @_ssdm_op_SpecRegionEnd([5 x i8]* @p_str1810, i32 %tmp_26)

]]></node>
<StgValue><ssdm name="empty_14"/></StgValue>
</operation>

<operation id="138" st_id="8" stage="1" lat="1">
<core>NULL</core>
<MemPortIdVec></MemPortIdVec>
<condition id="29">
<or_exp><and_exp><literal name="exitcond6" val="1"/>
</and_exp></or_exp>
</condition>

<node id="177" bw="0" op_0_bw="0">
<![CDATA[
:6  br label %8

]]></node>
<StgValue><ssdm name=""/></StgValue>
</operation>
</state>

<state id="9" st_id="9">

<operation id="139" st_id="9" stage="1" lat="1">
<core>NULL</core>
<MemPortIdVec></MemPortIdVec>
<condition id="30">
<or_exp><and_exp></and_exp></or_exp>
</condition>

<node id="132" bw="6" op_0_bw="6" op_1_bw="0">
<![CDATA[
:0  %v26_V = phi i6 [ %v28_V, %11 ], [ %v27_V, %_ifconv1 ]

]]></node>
<StgValue><ssdm name="v26_V"/></StgValue>
</operation>

<operation id="140" st_id="9" stage="1" lat="1">
<core>NULL</core>
<MemPortIdVec></MemPortIdVec>
<condition id="30">
<or_exp><and_exp></and_exp></or_exp>
</condition>

<node id="133" bw="2" op_0_bw="2" op_1_bw="0">
<![CDATA[
:1  %rx = phi i2 [ 0, %11 ], [ %rx_1, %_ifconv1 ]

]]></node>
<StgValue><ssdm name="rx"/></StgValue>
</operation>

<operation id="141" st_id="9" stage="1" lat="1">
<core>NULL</core>
<MemPortIdVec></MemPortIdVec>
<condition id="30">
<or_exp><and_exp></and_exp></or_exp>
</condition>

<node id="134" bw="5" op_0_bw="2">
<![CDATA[
:2  %rx_cast = zext i2 %rx to i5

]]></node>
<StgValue><ssdm name="rx_cast"/></StgValue>
</operation>

<operation id="142" st_id="9" stage="1" lat="1">
<core>NULL</core>
<MemPortIdVec></MemPortIdVec>
<condition id="30">
<or_exp><and_exp></and_exp></or_exp>
</condition>

<node id="135" bw="6" op_0_bw="2">
<![CDATA[
:3  %rx_cast1 = zext i2 %rx to i6

]]></node>
<StgValue><ssdm name="rx_cast1"/></StgValue>
</operation>

<operation id="143" st_id="9" stage="1" lat="1">
<core>Cmp</core>
<MemPortIdVec></MemPortIdVec>
<condition id="30">
<or_exp><and_exp></and_exp></or_exp>
</condition>

<node id="136" bw="1" op_0_bw="2" op_1_bw="2">
<![CDATA[
:4  %exitcond = icmp eq i2 %rx, -1

]]></node>
<StgValue><ssdm name="exitcond"/></StgValue>
</operation>

<operation id="144" st_id="9" stage="1" lat="1">
<core>NULL</core>
<MemPortIdVec></MemPortIdVec>
<condition id="30">
<or_exp><and_exp></and_exp></or_exp>
</condition>

<node id="137" bw="32" op_0_bw="32" op_1_bw="64" op_2_bw="64" op_3_bw="64">
<![CDATA[
:5  %empty_12 = call i32 (...)* @_ssdm_op_SpecLoopTripCount(i64 3, i64 3, i64 3)

]]></node>
<StgValue><ssdm name="empty_12"/></StgValue>
</operation>

<operation id="145" st_id="9" stage="1" lat="1">
<core>AddSub</core>
<MemPortIdVec></MemPortIdVec>
<condition id="30">
<or_exp><and_exp></and_exp></or_exp>
</condition>

<node id="138" bw="2" op_0_bw="2" op_1_bw="2">
<![CDATA[
:6  %rx_1 = add i2 %rx, 1

]]></node>
<StgValue><ssdm name="rx_1"/></StgValue>
</operation>

<operation id="146" st_id="9" stage="1" lat="1">
<core>NULL</core>
<MemPortIdVec></MemPortIdVec>
<condition id="30">
<or_exp><and_exp></and_exp></or_exp>
</condition>

<node id="139" bw="0" op_0_bw="1" op_1_bw="0" op_2_bw="0">
<![CDATA[
:7  br i1 %exitcond, label %13, label %_ifconv1

]]></node>
<StgValue><ssdm name=""/></StgValue>
</operation>

<operation id="147" st_id="9" stage="1" lat="1">
<core>AddSub</core>
<MemPortIdVec></MemPortIdVec>
<condition id="32">
<or_exp><and_exp><literal name="exitcond" val="0"/>
</and_exp></or_exp>
</condition>

<node id="142" bw="5" op_0_bw="5" op_1_bw="5">
<![CDATA[
_ifconv1:1  %tmp_19 = add i5 %rx_cast, %xx

]]></node>
<StgValue><ssdm name="tmp_19"/></StgValue>
</operation>

<operation id="148" st_id="9" stage="1" lat="1">
<core>NULL</core>
<MemPortIdVec></MemPortIdVec>
<condition id="32">
<or_exp><and_exp><literal name="exitcond" val="0"/>
</and_exp></or_exp>
</condition>

<node id="145" bw="10" op_0_bw="5">
<![CDATA[
_ifconv1:4  %tmp_23_cast = zext i5 %tmp_19 to i10

]]></node>
<StgValue><ssdm name="tmp_23_cast"/></StgValue>
</operation>

<operation id="149" st_id="9" stage="1" lat="1">
<core>AddSub</core>
<MemPortIdVec></MemPortIdVec>
<condition id="32">
<or_exp><and_exp><literal name="exitcond" val="0"/>
</and_exp></or_exp>
</condition>

<node id="146" bw="10" op_0_bw="10" op_1_bw="10">
<![CDATA[
_ifconv1:5  %tmp_37 = add i10 %tmp_23_cast, %tmp_31

]]></node>
<StgValue><ssdm name="tmp_37"/></StgValue>
</operation>

<operation id="150" st_id="9" stage="1" lat="1">
<core>NULL</core>
<MemPortIdVec></MemPortIdVec>
<condition id="32">
<or_exp><and_exp><literal name="exitcond" val="0"/>
</and_exp></or_exp>
</condition>

<node id="147" bw="64" op_0_bw="10">
<![CDATA[
_ifconv1:6  %tmp_47_cast = zext i10 %tmp_37 to i64

]]></node>
<StgValue><ssdm name="tmp_47_cast"/></StgValue>
</operation>

<operation id="151" st_id="9" stage="1" lat="1">
<core>NULL</core>
<MemPortIdVec></MemPortIdVec>
<condition id="32">
<or_exp><and_exp><literal name="exitcond" val="0"/>
</and_exp></or_exp>
</condition>

<node id="148" bw="9" op_0_bw="1" op_1_bw="64" op_2_bw="64">
<![CDATA[
_ifconv1:7  %conv1_pad_0_0_addr_1 = getelementptr [324 x i1]* %conv1_pad_0_0, i64 0, i64 %tmp_47_cast

]]></node>
<StgValue><ssdm name="conv1_pad_0_0_addr_1"/></StgValue>
</operation>

<operation id="152" st_id="9" stage="2" lat="2">
<core>RAM</core>
<MemPortIdVec></MemPortIdVec>
<condition id="32">
<or_exp><and_exp><literal name="exitcond" val="0"/>
</and_exp></or_exp>
</condition>

<node id="149" bw="1" op_0_bw="9">
<![CDATA[
_ifconv1:8  %v16 = load i1* %conv1_pad_0_0_addr_1, align 1

]]></node>
<StgValue><ssdm name="v16"/></StgValue>
</operation>

<operation id="153" st_id="9" stage="1" lat="1">
<core>NULL</core>
<MemPortIdVec></MemPortIdVec>
<condition id="32">
<or_exp><and_exp><literal name="exitcond" val="0"/>
</and_exp></or_exp>
</condition>

<node id="151" bw="9" op_0_bw="2">
<![CDATA[
_ifconv1:10  %tmp_24_cast = zext i2 %rx to i9

]]></node>
<StgValue><ssdm name="tmp_24_cast"/></StgValue>
</operation>

<operation id="154" st_id="9" stage="1" lat="1">
<core>AddSub</core>
<MemPortIdVec></MemPortIdVec>
<condition id="32">
<or_exp><and_exp><literal name="exitcond" val="0"/>
</and_exp></or_exp>
</condition>

<node id="152" bw="9" op_0_bw="9" op_1_bw="9">
<![CDATA[
_ifconv1:11  %tmp_38 = add i9 %tmp_24_cast, %tmp_34

]]></node>
<StgValue><ssdm name="tmp_38"/></StgValue>
</operation>

<operation id="155" st_id="9" stage="1" lat="1">
<core>NULL</core>
<MemPortIdVec></MemPortIdVec>
<condition id="32">
<or_exp><and_exp><literal name="exitcond" val="0"/>
</and_exp></or_exp>
</condition>

<node id="153" bw="64" op_0_bw="9">
<![CDATA[
_ifconv1:12  %tmp_48_cast = zext i9 %tmp_38 to i64

]]></node>
<StgValue><ssdm name="tmp_48_cast"/></StgValue>
</operation>

<operation id="156" st_id="9" stage="1" lat="1">
<core>NULL</core>
<MemPortIdVec></MemPortIdVec>
<condition id="32">
<or_exp><and_exp><literal name="exitcond" val="0"/>
</and_exp></or_exp>
</condition>

<node id="154" bw="8" op_0_bw="1" op_1_bw="64" op_2_bw="64">
<![CDATA[
_ifconv1:13  %w_conv1_new_0_addr = getelementptr [144 x i1]* @w_conv1_new_0, i64 0, i64 %tmp_48_cast

]]></node>
<StgValue><ssdm name="w_conv1_new_0_addr"/></StgValue>
</operation>

<operation id="157" st_id="9" stage="2" lat="2">
<core>ROM_nP</core>
<MemPortIdVec></MemPortIdVec>
<condition id="32">
<or_exp><and_exp><literal name="exitcond" val="0"/>
</and_exp></or_exp>
</condition>

<node id="155" bw="1" op_0_bw="8">
<![CDATA[
_ifconv1:14  %v19 = load i1* %w_conv1_new_0_addr, align 1

]]></node>
<StgValue><ssdm name="v19"/></StgValue>
</operation>

<operation id="158" st_id="9" stage="1" lat="1">
<core>Cmp</core>
<MemPortIdVec></MemPortIdVec>
<condition id="32">
<or_exp><and_exp><literal name="exitcond" val="0"/>
</and_exp></or_exp>
</condition>

<node id="159" bw="1" op_0_bw="5" op_1_bw="5">
<![CDATA[
_ifconv1:18  %sel_tmp = icmp eq i5 %tmp_19, 0

]]></node>
<StgValue><ssdm name="sel_tmp"/></StgValue>
</operation>

<operation id="159" st_id="9" stage="1" lat="1">
<core>NULL</core>
<MemPortIdVec></MemPortIdVec>
<condition id="34">
<or_exp><and_exp><literal name="exitcond" val="1"/>
</and_exp></or_exp>
</condition>

<node id="168" bw="32" op_0_bw="32" op_1_bw="0" op_2_bw="32">
<![CDATA[
:0  %empty_13 = call i32 (...)* @_ssdm_op_SpecRegionEnd([5 x i8]* @p_str1811, i32 %tmp_28)

]]></node>
<StgValue><ssdm name="empty_13"/></StgValue>
</operation>

<operation id="160" st_id="9" stage="1" lat="1">
<core>NULL</core>
<MemPortIdVec></MemPortIdVec>
<condition id="34">
<or_exp><and_exp><literal name="exitcond" val="1"/>
</and_exp></or_exp>
</condition>

<node id="169" bw="0" op_0_bw="0">
<![CDATA[
:1  br label %10

]]></node>
<StgValue><ssdm name=""/></StgValue>
</operation>
</state>

<state id="10" st_id="10">

<operation id="161" st_id="10" stage="1" lat="1">
<core>NULL</core>
<MemPortIdVec></MemPortIdVec>
<condition id="35">
<or_exp><and_exp></and_exp></or_exp>
</condition>

<node id="141" bw="0" op_0_bw="0" op_1_bw="0">
<![CDATA[
_ifconv1:0  call void (...)* @_ssdm_op_SpecLoopName([5 x i8]* @p_str1812) nounwind

]]></node>
<StgValue><ssdm name=""/></StgValue>
</operation>

<operation id="162" st_id="10" stage="1" lat="1">
<core>AddSub</core>
<MemPortIdVec></MemPortIdVec>
<condition id="35">
<or_exp><and_exp></and_exp></or_exp>
</condition>

<node id="143" bw="6" op_0_bw="6" op_1_bw="6">
<![CDATA[
_ifconv1:2  %tmp_22 = sub i6 %tmp_21_cast, %rx_cast1

]]></node>
<StgValue><ssdm name="tmp_22"/></StgValue>
</operation>

<operation id="163" st_id="10" stage="1" lat="1">
<core>NULL</core>
<MemPortIdVec></MemPortIdVec>
<condition id="35">
<or_exp><and_exp></and_exp></or_exp>
</condition>

<node id="144" bw="1" op_0_bw="1" op_1_bw="6" op_2_bw="32">
<![CDATA[
_ifconv1:3  %tmp_36 = call i1 @_ssdm_op_BitSelect.i1.i6.i32(i6 %tmp_22, i32 5)

]]></node>
<StgValue><ssdm name="tmp_36"/></StgValue>
</operation>

<operation id="164" st_id="10" stage="1" lat="2">
<core>RAM</core>
<MemPortIdVec></MemPortIdVec>
<condition id="35">
<or_exp><and_exp></and_exp></or_exp>
</condition>

<node id="149" bw="1" op_0_bw="9">
<![CDATA[
_ifconv1:8  %v16 = load i1* %conv1_pad_0_0_addr_1, align 1

]]></node>
<StgValue><ssdm name="v16"/></StgValue>
</operation>

<operation id="165" st_id="10" stage="1" lat="1">
<core>LogicGate</core>
<MemPortIdVec></MemPortIdVec>
<condition id="35">
<or_exp><and_exp></and_exp></or_exp>
</condition>

<node id="150" bw="1" op_0_bw="1" op_1_bw="1">
<![CDATA[
_ifconv1:9  %not_v = xor i1 %v16, true

]]></node>
<StgValue><ssdm name="not_v"/></StgValue>
</operation>

<operation id="166" st_id="10" stage="1" lat="2">
<core>ROM_nP</core>
<MemPortIdVec></MemPortIdVec>
<condition id="35">
<or_exp><and_exp></and_exp></or_exp>
</condition>

<node id="155" bw="1" op_0_bw="8">
<![CDATA[
_ifconv1:14  %v19 = load i1* %w_conv1_new_0_addr, align 1

]]></node>
<StgValue><ssdm name="v19"/></StgValue>
</operation>

<operation id="167" st_id="10" stage="1" lat="1">
<core>LogicGate</core>
<MemPortIdVec></MemPortIdVec>
<condition id="35">
<or_exp><and_exp></and_exp></or_exp>
</condition>

<node id="156" bw="1" op_0_bw="1" op_1_bw="1">
<![CDATA[
_ifconv1:15  %v4 = xor i1 %v19, %not_v

]]></node>
<StgValue><ssdm name="v4"/></StgValue>
</operation>

<operation id="168" st_id="10" stage="1" lat="1">
<core>NULL</core>
<MemPortIdVec></MemPortIdVec>
<condition id="35">
<or_exp><and_exp></and_exp></or_exp>
</condition>

<node id="157" bw="2" op_0_bw="2" op_1_bw="1" op_2_bw="1">
<![CDATA[
_ifconv1:16  %v5 = call i2 @_ssdm_op_BitConcatenate.i2.i1.i1(i1 %v4, i1 false)

]]></node>
<StgValue><ssdm name="v5"/></StgValue>
</operation>

<operation id="169" st_id="10" stage="1" lat="1">
<core>AddSub</core>
<MemPortIdVec></MemPortIdVec>
<condition id="35">
<or_exp><and_exp></and_exp></or_exp>
</condition>

<node id="158" bw="2" op_0_bw="2" op_1_bw="2">
<![CDATA[
_ifconv1:17  %v24_V = add i2 %v5, -1

]]></node>
<StgValue><ssdm name="v24_V"/></StgValue>
</operation>

<operation id="170" st_id="10" stage="1" lat="1">
<core>LogicGate</core>
<MemPortIdVec></MemPortIdVec>
<condition id="35">
<or_exp><and_exp></and_exp></or_exp>
</condition>

<node id="160" bw="1" op_0_bw="1" op_1_bw="1">
<![CDATA[
_ifconv1:19  %tmp7 = or i1 %tmp_36, %p_not1

]]></node>
<StgValue><ssdm name="tmp7"/></StgValue>
</operation>

<operation id="171" st_id="10" stage="1" lat="1">
<core>LogicGate</core>
<MemPortIdVec></MemPortIdVec>
<condition id="35">
<or_exp><and_exp></and_exp></or_exp>
</condition>

<node id="161" bw="1" op_0_bw="1" op_1_bw="1">
<![CDATA[
_ifconv1:20  %tmp8 = or i1 %tmp_35, %sel_tmp

]]></node>
<StgValue><ssdm name="tmp8"/></StgValue>
</operation>

<operation id="172" st_id="10" stage="1" lat="1">
<core>LogicGate</core>
<MemPortIdVec></MemPortIdVec>
<condition id="35">
<or_exp><and_exp></and_exp></or_exp>
</condition>

<node id="162" bw="1" op_0_bw="1" op_1_bw="1">
<![CDATA[
_ifconv1:21  %sel_tmp2 = or i1 %tmp8, %tmp7

]]></node>
<StgValue><ssdm name="sel_tmp2"/></StgValue>
</operation>

<operation id="173" st_id="10" stage="1" lat="1">
<core>Sel</core>
<MemPortIdVec></MemPortIdVec>
<condition id="35">
<or_exp><and_exp></and_exp></or_exp>
</condition>

<node id="163" bw="2" op_0_bw="1" op_1_bw="2" op_2_bw="2">
<![CDATA[
_ifconv1:22  %p_s = select i1 %sel_tmp2, i2 0, i2 %v24_V

]]></node>
<StgValue><ssdm name="p_s"/></StgValue>
</operation>

<operation id="174" st_id="10" stage="1" lat="1">
<core>NULL</core>
<MemPortIdVec></MemPortIdVec>
<condition id="35">
<or_exp><and_exp></and_exp></or_exp>
</condition>

<node id="164" bw="6" op_0_bw="2">
<![CDATA[
_ifconv1:23  %p_cast = sext i2 %p_s to i6

]]></node>
<StgValue><ssdm name="p_cast"/></StgValue>
</operation>

<operation id="175" st_id="10" stage="1" lat="1">
<core>AddSub</core>
<MemPortIdVec></MemPortIdVec>
<condition id="35">
<or_exp><and_exp></and_exp></or_exp>
</condition>

<node id="165" bw="6" op_0_bw="6" op_1_bw="6">
<![CDATA[
_ifconv1:24  %v27_V = add i6 %p_cast, %v26_V

]]></node>
<StgValue><ssdm name="v27_V"/></StgValue>
</operation>

<operation id="176" st_id="10" stage="1" lat="1">
<core>NULL</core>
<MemPortIdVec></MemPortIdVec>
<condition id="35">
<or_exp><and_exp></and_exp></or_exp>
</condition>

<node id="166" bw="0" op_0_bw="0">
<![CDATA[
_ifconv1:25  br label %12

]]></node>
<StgValue><ssdm name=""/></StgValue>
</operation>
</state>

<state id="11" st_id="11">

<operation id="177" st_id="11" stage="1" lat="2">
<core>RAM</core>
<MemPortIdVec></MemPortIdVec>
<condition id="36">
<or_exp><and_exp></and_exp></or_exp>
</condition>

<node id="185" bw="6" op_0_bw="12">
<![CDATA[
:0  %v2_0_V_load = load i6* %v2_0_V_addr, align 1

]]></node>
<StgValue><ssdm name="v2_0_V_load"/></StgValue>
</operation>

<operation id="178" st_id="11" stage="1" lat="1">
<core>NULL</core>
<MemPortIdVec></MemPortIdVec>
<condition id="36">
<or_exp><and_exp></and_exp></or_exp>
</condition>

<node id="186" bw="0" op_0_bw="6">
<![CDATA[
:1  ret i6 %v2_0_V_load

]]></node>
<StgValue><ssdm name=""/></StgValue>
</operation>
</state>
</state_list>


<ports>
</ports>


<dataflows>
</dataflows>


</stg>
