<profile>

<section name = "Vivado HLS Report for 'dut_top'" level="0">
<item name = "Date">Sun Jan 29 23:25:09 2023
</item>
<item name = "Version">2016.2 (Build 1577090 on Thu Jun 02 16:59:10 MDT 2016)</item>
<item name = "Project">bnn.prj</item>
<item name = "Solution">solution1</item>
<item name = "Product family">zynq</item>
<item name = "Target device">xc7z020clg484-1</item>
</section>

<section name = "Performance Estimates" level="0">
<item name = "Timing (ns)">
<section name = "" level="1">
<item name = "Summary"><table name="" hasTotal="0">
<keys size="4">Clock, Target, Estimated, Uncertainty</keys>
<column name="ap_clk">10.00, 6.15, 1.25</column>
</table>
</item>
</section>
</item>
<item name = "Latency (clock cycles)">
<section name = "" level="1">
<item name = "Summary"><table name="" hasTotal="0">
<keys size="6">, min, max, min, max, Type</keys>
<column name="">107727, 107727, 107727, 107727, none</column>
</table>
</item>
<item name = "Detail">
<section name = "" level="1">
<item name = "Instance"><table name="" hasTotal="0">
<keys size="7">Instance, Module, min, max, min, max, Type</keys>
</table>
</item>
<item name = "Loop"><table name="" hasTotal="0">
<keys size="8">Loop Name, min, max, Latency, achieved, target, Count, Pipelined</keys>
<column name="- l_hh">684, 684, 38, -, -, 18, no</column>
<column name=" + l_ww">36, 36, 2, -, -, 18, no</column>
<column name="- l_ff">107040, 107040, 6690, -, -, 16, no</column>
<column name=" + l_yy">6688, 6688, 418, -, -, 16, no</column>
<column name="  ++ l_xx">416, 416, 26, -, -, 16, no</column>
<column name="   +++ l_ry">24, 24, 8, -, -, 3, no</column>
<column name="    ++++ l_rx">6, 6, 2, -, -, 3, no</column>
</table>
</item>
</section>
</item>
</section>
</item>
</section>
</profile>
