<profile>

<section name = "Vivado HLS Report for 'dut_top'" level="0">
<item name = "Date">Sun Jan 29 23:25:09 2023
</item>
<item name = "Version">2016.2 (Build 1577090 on Thu Jun 02 16:59:10 MDT 2016)</item>
<item name = "Project">bnn.prj</item>
<item name = "Solution">solution1</item>
<item name = "Product family">zynq</item>
<item name = "Target device">xc7z020clg484-1</item>
</section>

<section name = "Performance Estimates" level="0">
<item name = "Timing (ns)">
<section name = "" level="1">
<item name = "Summary"><table name="" hasTotal="0">
<keys size="4">Clock, Target, Estimated, Uncertainty</keys>
<column name="ap_clk">10.00, 6.15, 1.25</column>
</table>
</item>
</section>
</item>
<item name = "Latency (clock cycles)">
<section name = "" level="1">
<item name = "Summary"><table name="" hasTotal="0">
<keys size="6">, min, max, min, max, Type</keys>
<column name="">107727, 107727, 107727, 107727, none</column>
</table>
</item>
<item name = "Detail">
<section name = "" level="1">
<item name = "Instance"><table name="" hasTotal="0">
<keys size="7">Instance, Module, min, max, min, max, Type</keys>
</table>
</item>
<item name = "Loop"><table name="" hasTotal="0">
<keys size="8">Loop Name, min, max, Latency, achieved, target, Count, Pipelined</keys>
<column name="- l_hh">684, 684, 38, -, -, 18, no</column>
<column name=" + l_ww">36, 36, 2, -, -, 18, no</column>
<column name="- l_ff">107040, 107040, 6690, -, -, 16, no</column>
<column name=" + l_yy">6688, 6688, 418, -, -, 16, no</column>
<column name="  ++ l_xx">416, 416, 26, -, -, 16, no</column>
<column name="   +++ l_ry">24, 24, 8, -, -, 3, no</column>
<column name="    ++++ l_rx">6, 6, 2, -, -, 3, no</column>
</table>
</item>
</section>
</item>
</section>
</item>
</section>

<section name = "Utilization Estimates" level="0">
<item name = "Summary"><table name="" hasTotal="1">
<keys size="5">Name, BRAM_18K, DSP48E, FF, LUT</keys>
<column name="DSP">-, -, -, -</column>
<column name="Expression">-, -, 0, 243</column>
<column name="FIFO">-, -, -, -</column>
<column name="Instance">-, -, -, -</column>
<column name="Memory">0, -, 3, 9</column>
<column name="Multiplexer">-, -, -, 74</column>
<column name="Register">-, -, 176, -</column>
<specialColumn name="Available">280, 220, 106400, 53200</specialColumn>
<specialColumn name="Utilization (%)">0, 0, ~0, ~0</specialColumn>
</table>
</item>
<item name = "Detail">
<section name = "" level="1">
<item name = "Instance"><table name="" hasTotal="1">
<keys size="6">Instance, Module, BRAM_18K, DSP48E, FF, LUT</keys>
</table>
</item>
<item name = "DSP48"><table name="" hasTotal="0">
<keys size="3">Instance, Module, Expression</keys>
</table>
</item>
<item name = "Memory"><table name="" hasTotal="1">
<keys size="9">Memory, Module, BRAM_18K, FF, LUT, Words, Bits, Banks, W*Bits*Banks</keys>
<column name="conv1_pad_0_0_U">dut_top_conv1_pad_0_0, 0, 2, 6, 324, 1, 1, 324</column>
<column name="w_conv1_new_0_U">dut_top_w_conv1_new_0, 0, 1, 3, 144, 1, 1, 144</column>
</table>
</item>
<item name = "FIFO"><table name="" hasTotal="1">
<keys size="7">Name, BRAM_18K, FF, LUT, Depth, Bits, Size:D*B</keys>
</table>
</item>
<item name = "Expression"><table name="" hasTotal="1">
<keys size="7">Variable Name, Operation, DSP48E, FF, LUT, Bitwidth P0, Bitwidth P1</keys>
<column name="ff_1_fu_441_p2">+, 0, 0, 5, 5, 1</column>
<column name="hh_1_fu_262_p2">+, 0, 0, 5, 5, 1</column>
<column name="rx_1_fu_670_p2">+, 0, 0, 2, 2, 1</column>
<column name="ry_1_fu_560_p2">+, 0, 0, 2, 2, 1</column>
<column name="tmp_10_fu_332_p2">+, 0, 0, 10, 10, 10</column>
<column name="tmp_14_fu_566_p2">+, 0, 0, 5, 5, 5</column>
<column name="tmp_19_fu_676_p2">+, 0, 0, 5, 5, 5</column>
<column name="tmp_20_fu_376_p2">+, 0, 0, 10, 10, 10</column>
<column name="tmp_23_fu_390_p2">+, 0, 0, 10, 10, 10</column>
<column name="tmp_25_fu_501_p2">+, 0, 0, 10, 10, 10</column>
<column name="tmp_27_fu_646_p2">+, 0, 0, 14, 14, 14</column>
<column name="tmp_31_fu_601_p2">+, 0, 0, 10, 10, 10</column>
<column name="tmp_32_fu_611_p2">+, 0, 0, 9, 9, 9</column>
<column name="tmp_37_fu_686_p2">+, 0, 0, 10, 10, 10</column>
<column name="tmp_38_fu_700_p2">+, 0, 0, 9, 9, 9</column>
<column name="tmp_3_fu_294_p2">+, 0, 0, 6, 6, 2</column>
<column name="tmp_7_fu_366_p2">+, 0, 0, 6, 6, 2</column>
<column name="v24_V_fu_748_p2">+, 0, 0, 2, 2, 2</column>
<column name="v27_V_fu_781_p2">+, 0, 0, 6, 6, 6</column>
<column name="ww_1_fu_354_p2">+, 0, 0, 5, 5, 1</column>
<column name="xx_1_fu_530_p2">+, 0, 0, 5, 5, 1</column>
<column name="yy_1_fu_491_p2">+, 0, 0, 5, 5, 1</column>
<column name="tmp_15_fu_514_p2">-, 0, 0, 6, 6, 5</column>
<column name="tmp_16_fu_572_p2">-, 0, 0, 6, 6, 6</column>
<column name="tmp_17_fu_475_p2">-, 0, 0, 8, 8, 8</column>
<column name="tmp_1_fu_274_p2">-, 0, 0, 6, 5, 6</column>
<column name="tmp_21_fu_536_p2">-, 0, 0, 6, 6, 5</column>
<column name="tmp_22_fu_716_p2">-, 0, 0, 6, 6, 6</column>
<column name="tmp_34_fu_622_p2">-, 0, 0, 9, 9, 9</column>
<column name="tmp_9_fu_395_p2">-, 0, 0, 6, 5, 6</column>
<column name="conv1_pad_0_0_d0">and, 0, 0, 1, 1, 1</column>
<column name="tmp4_fu_414_p2">and, 0, 0, 1, 1, 1</column>
<column name="tmp5_fu_419_p2">and, 0, 0, 1, 1, 1</column>
<column name="tmp6_fu_338_p2">and, 0, 0, 1, 1, 1</column>
<column name="exitcond1_fu_256_p2">icmp, 0, 0, 2, 5, 5</column>
<column name="exitcond2_fu_435_p2">icmp, 0, 0, 3, 5, 6</column>
<column name="exitcond3_fu_348_p2">icmp, 0, 0, 2, 5, 5</column>
<column name="exitcond4_fu_485_p2">icmp, 0, 0, 3, 5, 6</column>
<column name="exitcond5_fu_524_p2">icmp, 0, 0, 3, 5, 6</column>
<column name="exitcond6_fu_554_p2">icmp, 0, 0, 1, 2, 2</column>
<column name="exitcond_fu_664_p2">icmp, 0, 0, 1, 2, 2</column>
<column name="p_not1_fu_628_p2">icmp, 0, 0, 2, 5, 1</column>
<column name="sel_tmp_fu_710_p2">icmp, 0, 0, 2, 5, 1</column>
<column name="tmp_8_fu_360_p2">icmp, 0, 0, 2, 5, 1</column>
<column name="tmp_fu_268_p2">icmp, 0, 0, 2, 5, 1</column>
<column name="sel_tmp2_fu_763_p2">or, 0, 0, 1, 1, 1</column>
<column name="tmp7_fu_754_p2">or, 0, 0, 1, 1, 1</column>
<column name="tmp8_fu_759_p2">or, 0, 0, 1, 1, 1</column>
<column name="p_s_fu_769_p3">select, 0, 0, 2, 1, 1</column>
<column name="not_v_fu_728_p2">xor, 0, 0, 2, 1, 2</column>
<column name="rev9_fu_408_p2">xor, 0, 0, 2, 1, 2</column>
<column name="rev_fu_288_p2">xor, 0, 0, 2, 1, 2</column>
<column name="v4_fu_734_p2">xor, 0, 0, 1, 1, 1</column>
</table>
</item>
<item name = "Multiplexer"><table name="" hasTotal="1">
<keys size="5">Name, LUT, Input Size, Bits, Total Bits</keys>
<column name="ap_NS_fsm">6, 12, 1, 12</column>
<column name="ap_return">6, 2, 6, 12</column>
<column name="conv1_pad_0_0_address0">9, 3, 9, 27</column>
<column name="ff_reg_170">5, 2, 5, 10</column>
<column name="hh_reg_148">5, 2, 5, 10</column>
<column name="rx_reg_241">2, 2, 2, 4</column>
<column name="ry_reg_218">2, 2, 2, 4</column>
<column name="v26_V_reg_229">6, 2, 6, 12</column>
<column name="v28_V_reg_205">6, 2, 6, 12</column>
<column name="v2_0_V_address0">12, 3, 12, 36</column>
<column name="ww_reg_159">5, 2, 5, 10</column>
<column name="xx_reg_193">5, 2, 5, 10</column>
<column name="yy_reg_181">5, 2, 5, 10</column>
</table>
</item>
<item name = "Register"><table name="" hasTotal="1">
<keys size="5">Name, FF, LUT, Bits, Const Bits</keys>
<column name="ap_CS_fsm">11, 0, 11, 0</column>
<column name="ap_return_preg">6, 0, 6, 0</column>
<column name="ff_1_reg_846">5, 0, 5, 0</column>
<column name="ff_reg_170">5, 0, 5, 0</column>
<column name="hh_1_reg_795">5, 0, 5, 0</column>
<column name="hh_reg_148">5, 0, 5, 0</column>
<column name="p_not1_reg_910">1, 0, 1, 0</column>
<column name="rx_1_reg_928">2, 0, 2, 0</column>
<column name="rx_cast1_reg_920">2, 0, 6, 4</column>
<column name="rx_reg_241">2, 0, 2, 0</column>
<column name="ry_1_reg_895">2, 0, 2, 0</column>
<column name="ry_reg_218">2, 0, 2, 0</column>
<column name="sel_tmp_reg_943">1, 0, 1, 0</column>
<column name="tmp6_reg_810">1, 0, 1, 0</column>
<column name="tmp_10_reg_805">9, 0, 10, 1</column>
<column name="tmp_15_cast_reg_874">5, 0, 6, 1</column>
<column name="tmp_21_cast_reg_887">5, 0, 6, 1</column>
<column name="tmp_23_reg_838">10, 0, 10, 0</column>
<column name="tmp_31_reg_900">9, 0, 10, 1</column>
<column name="tmp_32_cast_reg_851">5, 0, 10, 5</column>
<column name="tmp_34_cast_reg_856">9, 0, 9, 0</column>
<column name="tmp_34_reg_905">9, 0, 9, 0</column>
<column name="tmp_35_reg_915">1, 0, 1, 0</column>
<column name="tmp_39_cast_reg_869">10, 0, 14, 4</column>
<column name="tmp_5_reg_800">6, 0, 10, 4</column>
<column name="tmp_8_reg_828">1, 0, 1, 0</column>
<column name="v26_V_reg_229">6, 0, 6, 0</column>
<column name="v28_V_reg_205">6, 0, 6, 0</column>
<column name="ww_1_reg_823">5, 0, 5, 0</column>
<column name="ww_cast_reg_815">5, 0, 6, 1</column>
<column name="ww_reg_159">5, 0, 5, 0</column>
<column name="xx_1_reg_882">5, 0, 5, 0</column>
<column name="xx_reg_193">5, 0, 5, 0</column>
<column name="yy_1_reg_864">5, 0, 5, 0</column>
<column name="yy_reg_181">5, 0, 5, 0</column>
</table>
</item>
</section>
</item>
</section>

<section name = "Interface" level="0">
<item name = "Summary"><table name="" hasTotal="0">
<keys size="6">RTL Ports, Dir, Bits, Protocol, Source Object, C Type</keys>
<column name="ap_clk">in, 1, ap_ctrl_hs, dut_top, return value</column>
<column name="ap_rst">in, 1, ap_ctrl_hs, dut_top, return value</column>
<column name="ap_start">in, 1, ap_ctrl_hs, dut_top, return value</column>
<column name="ap_done">out, 1, ap_ctrl_hs, dut_top, return value</column>
<column name="ap_idle">out, 1, ap_ctrl_hs, dut_top, return value</column>
<column name="ap_ready">out, 1, ap_ctrl_hs, dut_top, return value</column>
<column name="ap_return">out, 6, ap_ctrl_hs, dut_top, return value</column>
<column name="v0_address0">out, 8, ap_memory, v0, array</column>
<column name="v0_ce0">out, 1, ap_memory, v0, array</column>
<column name="v0_q0">in, 1, ap_memory, v0, array</column>
<column name="v2_0_V_address0">out, 12, ap_memory, v2_0_V, array</column>
<column name="v2_0_V_ce0">out, 1, ap_memory, v2_0_V, array</column>
<column name="v2_0_V_we0">out, 1, ap_memory, v2_0_V, array</column>
<column name="v2_0_V_d0">out, 6, ap_memory, v2_0_V, array</column>
<column name="v2_0_V_q0">in, 6, ap_memory, v2_0_V, array</column>
</table>
</item>
</section>
</profile>
